dt,distance,min_points,min_length,direction,dp,covered_points,n_input,coverage_pct,no_output
30,400,5,65.0,35,5,8408,11777,71.39339390337098,33
30,400,2,65.0,35,5,8508,11777,72.24250658062324,33
30,400,3,65.0,35,5,8486,11777,72.05570179162775,33
30,400,7,65.0,35,5,8053,11777,68.37904389912542,33
30,400,10,65.0,35,5,7930,11777,67.33463530610511,33
30,400,5,0.0,35,5,11634,11777,98.78576887152926,0
30,400,5,32.5,35,5,8748,11777,74.2803770060287,29
30,400,5,97.5,35,5,8313,11777,70.58673685998131,34
30,400,5,130.0,35,5,8213,11777,69.73762418272905,35
30,400,2,0.0,35,5,11755,11777,99.8131952110045,0
30,400,2,32.5,35,5,8851,11777,75.15496306359854,29
30,400,2,97.5,35,5,8411,11777,71.41886728368854,34
30,400,2,130.0,35,5,8308,11777,70.54428122611871,35
30,400,3,0.0,35,5,11723,11777,99.54147915428378,0
30,400,3,32.5,35,5,8829,11777,74.96815827460304,29
30,400,3,97.5,35,5,8391,11777,71.24904474823809,34
30,400,3,130.0,35,5,8288,11777,70.37445869066825,35
30,400,7,0.0,35,5,11257,11777,95.58461407828818,0
30,400,7,32.5,35,5,8393,11777,71.26602700178314,29
30,400,7,97.5,35,5,7958,11777,67.57238685573576,34
30,400,7,130.0,35,5,7858,11777,66.72327417848348,35
30,400,10,0.0,35,5,11089,11777,94.15810478050437,0
30,400,10,32.5,35,5,8270,11777,70.22161840876284,29
30,400,10,97.5,35,5,7835,11777,66.52797826271546,34
30,400,10,130.0,35,5,7735,11777,65.67886558546319,35
