dt,distance,min_points,min_length,direction,dp,n_input,n_final,n_filtered,n_direction_removed,n_dp_removed,n_dp_input,n_dp_output,n_s_segments,no_output,common_covered_points,raw_break_crossings,n_records,dp_saving,dp_max_error,common_max_error,strict_gain_records,feasible_all,config_id
30,400,5,65,35,5,11777,2601,3369,669,5138,7739,2601,344,33,8408,0,120,0.663910065899987,4.9960113231523335,187.6375419804648,0,True,cfg-b15b8281b73592fb
15,400,5,65,35,5,11777,2478,7182,185,1932,4410,2478,2418,45,4595,0,120,0.4380952380952381,4.999018313158629,187.6375419804648,0,False,cfg-5f3726776663985b
20,400,5,65,35,5,11777,2624,4169,567,4417,7041,2624,720,33,7608,0,120,0.6273256639681863,4.9960113231523335,187.6375419804648,4,False,cfg-7b4506482fa0b5f2
45,400,5,65,35,5,11777,2609,3224,685,5259,7868,2609,314,32,8353,17,120,0.668403660396543,4.9960113231523335,187.6375419804648,0,False,cfg-85746847a32cb544
60,400,5,65,35,5,11777,2615,3195,686,5281,7896,2615,308,31,8376,19,120,0.6688196555217831,4.9960113231523335,187.6375419804648,0,False,cfg-d4ff6528d1731c17
30,95,5,65,35,5,11777,1346,6763,534,3134,4480,1346,2883,42,5014,0,120,0.6995535714285714,4.995723520935228,90.05853344324127,2,False,cfg-0ad662cd1af68eaf
30,200,5,65,35,5,11777,2255,4380,626,4516,6771,2255,1220,35,7397,0,120,0.6669620440112243,4.999018313158629,122.91953857502655,3,False,cfg-c75c27c441321c6a
30,600,5,65,35,5,11777,2577,3280,674,5246,7823,2577,218,33,8253,121,120,0.6705867314329541,4.9986060576982725,187.6375419804648,0,False,cfg-cfcdb0f0e22b991f
30,800,5,65,35,5,11777,2571,3274,678,5254,7825,2571,206,33,8225,130,120,0.6714376996805111,4.9986060576982725,187.6375419804648,0,False,cfg-7261bd230cb316ee
30,400,2,65,35,5,11777,2680,3269,669,5159,7839,2680,344,33,8508,0,120,0.6581196581196581,4.9960113231523335,187.6375419804648,18,True,cfg-6599edd5fcbf75b1
30,400,3,65,35,5,11777,2658,3291,669,5159,7817,2658,344,33,8486,0,120,0.6599718562108225,4.9960113231523335,187.6375419804648,13,True,cfg-d4df6d869dc800d6
30,400,7,65,35,5,11777,2371,3724,668,5014,7385,2371,344,33,8053,0,120,0.6789438050101557,4.9960113231523335,187.6375419804648,0,False,cfg-38b5af70752afcf3
30,400,10,65,35,5,11777,2302,3847,662,4966,7268,2302,344,33,7930,0,120,0.6832691249312053,4.9960113231523335,187.6375419804648,0,False,cfg-7a5c632edc26a683
30,400,5,0,35,5,11777,2716,143,711,8207,10923,2716,344,0,11634,0,120,0.751350361622265,4.9960113231523335,187.6375419804648,35,True,cfg-63139d05595c253c
30,400,5,32.5,35,5,11777,2619,3029,704,5425,8044,2619,344,29,8748,0,120,0.6744157135753357,4.9960113231523335,187.6375419804648,4,True,cfg-5279f18a16a391af
30,400,5,97.5,35,5,11777,2593,3464,631,5089,7682,2593,344,34,8313,0,120,0.662457693309034,4.9960113231523335,187.6375419804648,0,False,cfg-2145210f6818db22
30,400,5,130,35,5,11777,2587,3564,609,5017,7604,2587,344,35,8213,0,120,0.659784324039979,4.9960113231523335,187.6375419804648,0,False,cfg-dc3bdca5d6cb9c1f
30,400,5,65,15,5,11777,2304,3369,1649,4455,6759,2304,344,33,8408,0,120,0.659121171770972,4.9960113231523335,317.05805849803966,5,False,cfg-6b37e535e1ea2046
30,400,5,65,25,5,11777,2461,3369,1058,4889,7350,2461,344,33,8408,0,120,0.6651700680272109,4.9960113231523335,187.6375419804648,2,False,cfg-893931df60c3d3d6
30,400,5,65,45,5,11777,2684,3369,441,5283,7967,2684,344,33,8408,0,120,0.6631103301117108,4.9960113231523335,187.6375419804648,29,False,cfg-24646b7acfafee8e
30,400,5,65,60,5,11777,2714,3369,278,5416,8130,2714,344,33,8408,0,120,0.6661746617466175,4.9960113231523335,187.6375419804648,45,False,cfg-a5483ca9cb883a91
30,400,5,65,35,0,11777,7739,3369,669,0,7739,7739,344,33,8408,0,120,0.0,0.0,187.6375419804648,0,True,cfg-b64eb945a846910c
30,400,5,65,35,0.5,11777,4929,3369,669,2810,7739,4929,344,33,8408,0,120,0.36309600723607705,0.49982054396225145,187.6375419804648,0,True,cfg-59d5d0c23b67d172
30,400,5,65,35,1,11777,4286,3369,669,3453,7739,4286,344,33,8408,0,120,0.4461816772192789,0.9999029427255688,187.6375419804648,0,True,cfg-322e68540606f046
30,400,5,65,35,2,11777,3533,3369,669,4206,7739,3533,344,33,8408,0,120,0.5434810699056726,1.9986120657122588,187.6375419804648,0,True,cfg-df6f00206fb03678
30,400,5,65,35,10,11777,1889,3369,669,5850,7739,1889,344,33,8408,0,120,0.7559116164879183,9.966395098197564,149.16818385984476,0,False,cfg-65d9f66c5a9b483a
30,400,5,65,35,20,11777,1395,3369,669,6344,7739,1395,344,33,8408,0,120,0.8197441529913425,19.98202659103844,149.16818385984476,0,False,cfg-e8ff0df5800d5c3b
15,95,5,65,35,5,11777,868,10085,101,723,1591,868,4396,57,1692,0,120,0.45443117536140787,4.877054131309356,90.05853344324127,0,False,cfg-672c311f4dabd45c
15,200,5,65,35,5,11777,2024,7982,154,1617,3641,2024,2993,48,3795,0,120,0.4441087613293051,4.999018313158629,122.91953857502655,0,False,cfg-a14223bb071ea6fe
15,600,5,65,35,5,11777,2483,7172,187,1935,4418,2483,2410,45,4594,6,120,0.4379809868718877,4.999018313158629,187.6375419804648,0,False,cfg-fd21019cc8ca3842
15,800,5,65,35,5,11777,2482,7170,191,1934,4416,2482,2407,45,4588,6,120,0.4379528985507246,4.999018313158629,187.6375419804648,0,False,cfg-3f2e270c7b010996
20,95,5,65,35,5,11777,1268,7482,455,2572,3840,1268,3117,42,4295,0,120,0.6697916666666667,4.973122803946776,90.05853344324127,0,False,cfg-522fba6abbf5d1bc
20,200,5,65,35,5,11777,2226,5196,530,3825,6051,2226,1520,35,6581,0,120,0.6321269211700545,4.985450304183628,122.91953857502655,1,False,cfg-9733e27113ed91ea
20,600,5,65,35,5,11777,2595,4117,572,4493,7088,2595,630,33,7465,87,120,0.6338882618510158,4.9960113231523335,187.6375419804648,3,False,cfg-857da90ed04ebbbe
20,800,5,65,35,5,11777,2594,4115,576,4492,7086,2594,627,33,7459,87,120,0.6339260513688965,4.9960113231523335,187.6375419804648,3,False,cfg-43be70fbb61e9927
45,95,5,65,35,5,11777,1351,6664,550,3212,4563,1351,2862,41,5020,7,120,0.7039228577690115,4.995723520935228,90.05853344324127,2,False,cfg-a44fa1691cdad5d4
45,200,5,65,35,5,11777,2262,4275,642,4598,6860,2262,1194,34,7402,11,120,0.6702623906705539,4.999018313158629,122.91953857502655,2,False,cfg-90310668f6147653
45,600,5,65,35,5,11777,2578,3135,691,5373,7951,2578,182,32,8183,145,120,0.6757640548358697,4.9986060576982725,187.6375419804648,0,False,cfg-7380d059299db45a
45,800,5,65,35,5,11777,2572,3129,695,5381,7953,2572,168,32,8155,156,120,0.676600025147743,4.9986060576982725,187.6375419804648,0,False,cfg-4ba6fa8d8c11a024
60,95,5,65,35,5,11777,1356,6637,551,3233,4589,1356,2857,40,5043,8,120,0.7045107866637612,4.995723520935228,90.05853344324127,2,False,cfg-56d9babc85c51d64
60,200,5,65,35,5,11777,2267,4248,643,4619,6886,2267,1189,33,7425,12,120,0.6707812953819343,4.999018313158629,122.91953857502655,2,False,cfg-b3034e58a529fd4a
60,600,5,65,35,5,11777,2583,3105,692,5397,7980,2583,175,31,8206,148,120,0.6763157894736842,4.9986060576982725,187.6375419804648,0,False,cfg-060195700887c44a
60,800,5,65,35,5,11777,2578,3099,696,5404,7982,2578,161,31,8179,159,120,0.6770233024304686,4.9986060576982725,187.6375419804648,0,False,cfg-628483ab24c0b6b1
30,400,2,0,35,5,11777,2812,22,711,8232,11044,2812,344,0,11755,0,120,0.7453821079319087,4.9960113231523335,187.6375419804648,54,True,cfg-1e535c3fe3cc8ae1
30,400,2,32.5,35,5,11777,2701,2926,704,5446,8147,2701,344,29,8851,0,120,0.668466920338775,4.9960113231523335,187.6375419804648,23,True,cfg-81a89e633001f457
30,400,2,97.5,35,5,11777,2670,3366,631,5110,7780,2670,344,34,8411,0,120,0.6568123393316195,4.9960113231523335,187.6375419804648,17,False,cfg-3096d8e282282635
30,400,2,130,35,5,11777,2662,3469,609,5037,7699,2662,344,35,8308,0,120,0.6542408104948695,4.9960113231523335,187.6375419804648,16,False,cfg-7b664c0314ac01a9
30,400,3,0,35,5,11777,2780,54,711,8232,11012,2780,344,0,11723,0,120,0.7475481293134763,4.9960113231523335,187.6375419804648,49,True,cfg-a676557c7da6251e
30,400,3,32.5,35,5,11777,2679,2948,704,5446,8125,2679,344,29,8829,0,120,0.6702769230769231,4.9960113231523335,187.6375419804648,18,True,cfg-901645379df0db06
30,400,3,97.5,35,5,11777,2650,3386,631,5110,7760,2650,344,34,8391,0,120,0.6585051546391752,4.9960113231523335,187.6375419804648,13,False,cfg-4ad6ba13aaf512f3
30,400,3,130,35,5,11777,2642,3489,609,5037,7679,2642,344,35,8288,0,120,0.6559447844771454,4.9960113231523335,187.6375419804648,12,False,cfg-b985b9509ecc8ff6
30,400,7,0,35,5,11777,2478,520,708,8071,10549,2478,344,0,11257,0,120,0.7650962176509621,4.9960113231523335,187.6375419804648,35,False,cfg-7de891c7d65fc173
30,400,7,32.5,35,5,11777,2389,3384,703,5301,7690,2389,344,29,8393,0,120,0.689336801040312,4.9960113231523335,187.6375419804648,4,False,cfg-9d355d795468065c
30,400,7,97.5,35,5,11777,2363,3819,630,4965,7328,2363,344,34,7958,0,120,0.6775382096069869,4.9960113231523335,187.6375419804648,0,False,cfg-69a9139380a0edd9
30,400,7,130,35,5,11777,2357,3919,608,4893,7250,2357,344,35,7858,0,120,0.6748965517241379,4.9960113231523335,187.6375419804648,0,False,cfg-15934b797839150f
30,400,10,0,35,5,11777,2397,688,701,7991,10388,2397,344,0,11089,0,120,0.769252984212553,4.9960113231523335,187.6375419804648,35,False,cfg-64af02f0e5043228
30,400,10,32.5,35,5,11777,2320,3507,697,5253,7573,2320,344,29,8270,0,120,0.6936484880496501,4.9960113231523335,187.6375419804648,4,False,cfg-00ad40b806af82f6
30,400,10,97.5,35,5,11777,2294,3942,624,4917,7211,2294,344,34,7835,0,120,0.6818749133268618,4.9960113231523335,187.6375419804648,0,False,cfg-76a4880c98ee54c6
30,400,10,130,35,5,11777,2288,4042,602,4845,7133,2288,344,35,7735,0,120,0.6792373475396046,4.9960113231523335,187.6375419804648,0,False,cfg-c19c8952dfd15e20
