pair,stratum,n_records,protected_records,failure_records,strict_gain_records,status,all_guards_pass,replacement_supported,coverage_delta,final_point_delta,P_output_delta,all_equivalent_readings,new_coverage_max_error,failures_by_reason
G0|G0,HIGH_T0_D0,24,24,[],0,NO_DEMONSTRATED_GAIN,True,False,0,0,0,True,,{}
G0|G0,HIGH_T0_D1,24,24,[],0,NO_DEMONSTRATED_GAIN,True,False,0,0,0,True,,{}
G0|G0,HIGH_T1_D0,24,24,[],0,NO_DEMONSTRATED_GAIN,True,False,0,0,0,True,,{}
G0|G0,HIGH_T1_D1,24,24,[],0,NO_DEMONSTRATED_GAIN,True,False,0,0,0,True,,{}
G0|G0,LOW_T0_D1,24,24,[],0,NO_DEMONSTRATED_GAIN,True,False,0,0,0,True,,{}
G0|G0,LOW_T1_D1,24,24,[],0,NO_DEMONSTRATED_GAIN,True,False,0,0,0,True,,{}
G0|G0,MID_T0_D0,24,24,[],0,NO_DEMONSTRATED_GAIN,True,False,0,0,0,True,,{}
G0|G0,MID_T0_D1,24,24,[],0,NO_DEMONSTRATED_GAIN,True,False,0,0,0,True,,{}
G0|G0,MID_T1_D0,24,24,[],0,NO_DEMONSTRATED_GAIN,True,False,0,0,0,True,,{}
G0|G0,MID_T1_D1,24,24,[],0,NO_DEMONSTRATED_GAIN,True,False,0,0,0,True,,{}
G0|R0,HIGH_T0_D0,24,24,[],16,SUPPORTED_WITHIN_SCOPE,True,True,0,29,29,False,,{}
G0|R0,HIGH_T0_D1,24,24,[],13,SUPPORTED_WITHIN_SCOPE,True,True,0,25,25,False,,{}
G0|R0,HIGH_T1_D0,24,24,[],0,NO_DEMONSTRATED_GAIN,True,False,0,0,0,True,,{}
G0|R0,HIGH_T1_D1,24,24,[],0,NO_DEMONSTRATED_GAIN,True,False,0,0,0,True,,{}
G0|R0,LOW_T0_D1,24,24,[],0,NO_DEMONSTRATED_GAIN,True,False,0,0,0,True,,{}
G0|R0,LOW_T1_D1,24,24,[],0,NO_DEMONSTRATED_GAIN,True,False,0,0,0,True,,{}
G0|R0,MID_T0_D0,24,24,[],9,SUPPORTED_WITHIN_SCOPE,True,True,0,30,30,False,,{}
G0|R0,MID_T0_D1,24,24,[],3,SUPPORTED_WITHIN_SCOPE,True,True,0,1,1,False,,{}
G0|R0,MID_T1_D0,24,24,[],0,NO_DEMONSTRATED_GAIN,True,False,0,0,0,True,,{}
G0|R0,MID_T1_D1,24,24,[],0,NO_DEMONSTRATED_GAIN,True,False,0,0,0,True,,{}
G0|S0,HIGH_T0_D0,24,14,"['3549', '867', '10449', '2308', '3357', '3291', '10433', '1887', '11325', '7153']",11,TRADEOFF,False,False,-57,-20,-20,False,,"{'COMMON_COVERED_IDENTITIES_LOST': 10, 'COMMON_GEOMETRIC_PROTECTION_DEGRADED': 10, 'RAW_WINDOW_COVERAGE_LOST': 10, 'RAW_WINDOW_IDENTITIES_LOST': 10}"
G0|S0,HIGH_T0_D1,24,22,"['11326', '7289']",12,TRADEOFF,False,False,-11,19,19,False,,"{'COMMON_COVERED_IDENTITIES_LOST': 2, 'COMMON_GEOMETRIC_PROTECTION_DEGRADED': 2, 'RAW_WINDOW_COVERAGE_LOST': 2, 'RAW_WINDOW_IDENTITIES_LOST': 2}"
G0|S0,HIGH_T1_D0,24,12,"['9613', '1605', '6831', '1076', '8246', '11017', '3265', '4678', '2467', '1880', '5943', '7313']",0,TRADEOFF,False,False,-79,-61,-61,False,,"{'COMMON_COVERED_IDENTITIES_LOST': 12, 'COMMON_GEOMETRIC_PROTECTION_DEGRADED': 12, 'RAW_WINDOW_COVERAGE_LOST': 12, 'RAW_WINDOW_IDENTITIES_LOST': 12}"
G0|S0,HIGH_T1_D1,24,21,"['5027', '5707', '9880']",0,TRADEOFF,False,False,-10,-7,-7,False,,"{'COMMON_COVERED_IDENTITIES_LOST': 3, 'COMMON_GEOMETRIC_PROTECTION_DEGRADED': 3, 'RAW_WINDOW_COVERAGE_LOST': 3, 'RAW_WINDOW_IDENTITIES_LOST': 3}"
G0|S0,LOW_T0_D1,24,0,"['3262', '4732', '9729', '5', '5414', '4751', '11304', '7330', '5503', '5293', '8240', '9441', '7711', '9787', '10913', '9709', '2025', '4536', '112', '4930', '9069', '1596', '4153', '8941']",0,TRADEOFF,False,False,-2375,-48,-48,False,,"{'COMMON_COVERED_IDENTITIES_LOST': 24, 'COMMON_GEOMETRIC_PROTECTION_DEGRADED': 24, 'RAW_WINDOW_COVERAGE_LOST': 24, 'RAW_WINDOW_IDENTITIES_LOST': 24, 'RECORD_COVERAGE_LOST': 24}"
G0|S0,LOW_T1_D1,24,0,"['217', '130', '799', '4318', '6867', '4492', '4782', '4460', '7736', '9056', '8877', '611', '139', '6008', '4155', '6763', '7137', '4712', '6168', '14', '9296', '9242', '7616', '8152']",0,TRADEOFF,False,False,-2191,-106,-106,False,,"{'COMMON_COVERED_IDENTITIES_LOST': 24, 'COMMON_GEOMETRIC_PROTECTION_DEGRADED': 24, 'RAW_WINDOW_COVERAGE_LOST': 24, 'RAW_WINDOW_IDENTITIES_LOST': 24, 'RECORD_COVERAGE_LOST': 24}"
G0|S0,MID_T0_D0,24,24,[],9,SUPPORTED_WITHIN_SCOPE,True,True,0,30,30,False,,{}
G0|S0,MID_T0_D1,24,12,"['2286', '4448', '7151', '10796', '7831', '4805', '11351', '8418', '1070', '2050', '43', '5176']",3,TRADEOFF,False,False,-1186,-29,-29,False,,"{'COMMON_COVERED_IDENTITIES_LOST': 12, 'COMMON_GEOMETRIC_PROTECTION_DEGRADED': 12, 'RAW_WINDOW_COVERAGE_LOST': 12, 'RAW_WINDOW_IDENTITIES_LOST': 12, 'RECORD_COVERAGE_LOST': 12}"
G0|S0,MID_T1_D0,24,13,"['6876', '7875', '1686', '7404', '2108', '6214', '7116', '10638', '10075', '5534', '911']",0,TRADEOFF,False,False,-257,-49,-49,False,,"{'COMMON_COVERED_IDENTITIES_LOST': 11, 'COMMON_GEOMETRIC_PROTECTION_DEGRADED': 11, 'RAW_WINDOW_COVERAGE_LOST': 11, 'RAW_WINDOW_IDENTITIES_LOST': 11, 'RECORD_COVERAGE_LOST': 2}"
G0|S0,MID_T1_D1,24,15,"['5029', '7920', '10442', '6556', '200', '7190', '5129', '1307', '4415']",0,TRADEOFF,False,False,-538,-46,-46,False,,"{'COMMON_COVERED_IDENTITIES_LOST': 9, 'COMMON_GEOMETRIC_PROTECTION_DEGRADED': 9, 'RAW_WINDOW_COVERAGE_LOST': 9, 'RAW_WINDOW_IDENTITIES_LOST': 9, 'RECORD_COVERAGE_LOST': 3}"
R0|G0,HIGH_T0_D0,24,8,"['10449', '3357', '9779', '3291', '9994', '8424', '8435', '3641', '7027', '7171', '11325', '4125', '7153', '2192', '10003', '7179']",0,TRADEOFF,False,False,0,-29,-29,False,,{'COMMON_GEOMETRIC_PROTECTION_DEGRADED': 16}
R0|G0,HIGH_T0_D1,24,11,"['1944', '8430', '1860', '9222', '11326', '11021', '10978', '2950', '9407', '822', '8617', '2064', '7253']",0,TRADEOFF,False,False,0,-25,-25,False,,{'COMMON_GEOMETRIC_PROTECTION_DEGRADED': 13}
R0|G0,HIGH_T1_D0,24,24,[],0,NO_DEMONSTRATED_GAIN,True,False,0,0,0,True,,{}
R0|G0,HIGH_T1_D1,24,24,[],0,NO_DEMONSTRATED_GAIN,True,False,0,0,0,True,,{}
R0|G0,LOW_T0_D1,24,24,[],0,NO_DEMONSTRATED_GAIN,True,False,0,0,0,True,,{}
R0|G0,LOW_T1_D1,24,24,[],0,NO_DEMONSTRATED_GAIN,True,False,0,0,0,True,,{}
R0|G0,MID_T0_D0,24,15,"['10232', '11272', '5633', '8061', '6225', '82', '647', '9467', '2148']",0,TRADEOFF,False,False,0,-30,-30,False,,{'COMMON_GEOMETRIC_PROTECTION_DEGRADED': 9}
R0|G0,MID_T0_D1,24,21,"['9565', '10169', '5758']",0,TRADEOFF,False,False,0,-1,-1,False,,{'COMMON_GEOMETRIC_PROTECTION_DEGRADED': 3}
R0|G0,MID_T1_D0,24,24,[],0,NO_DEMONSTRATED_GAIN,True,False,0,0,0,True,,{}
R0|G0,MID_T1_D1,24,24,[],0,NO_DEMONSTRATED_GAIN,True,False,0,0,0,True,,{}
R0|R0,HIGH_T0_D0,24,24,[],0,NO_DEMONSTRATED_GAIN,True,False,0,0,0,True,,{}
R0|R0,HIGH_T0_D1,24,24,[],0,NO_DEMONSTRATED_GAIN,True,False,0,0,0,True,,{}
R0|R0,HIGH_T1_D0,24,24,[],0,NO_DEMONSTRATED_GAIN,True,False,0,0,0,True,,{}
R0|R0,HIGH_T1_D1,24,24,[],0,NO_DEMONSTRATED_GAIN,True,False,0,0,0,True,,{}
R0|R0,LOW_T0_D1,24,24,[],0,NO_DEMONSTRATED_GAIN,True,False,0,0,0,True,,{}
R0|R0,LOW_T1_D1,24,24,[],0,NO_DEMONSTRATED_GAIN,True,False,0,0,0,True,,{}
R0|R0,MID_T0_D0,24,24,[],0,NO_DEMONSTRATED_GAIN,True,False,0,0,0,True,,{}
R0|R0,MID_T0_D1,24,24,[],0,NO_DEMONSTRATED_GAIN,True,False,0,0,0,True,,{}
R0|R0,MID_T1_D0,24,24,[],0,NO_DEMONSTRATED_GAIN,True,False,0,0,0,True,,{}
R0|R0,MID_T1_D1,24,24,[],0,NO_DEMONSTRATED_GAIN,True,False,0,0,0,True,,{}
R0|S0,HIGH_T0_D0,24,14,"['3549', '867', '10449', '2308', '3357', '3291', '10433', '1887', '11325', '7153']",0,TRADEOFF,False,False,-57,-49,-49,False,,"{'COMMON_COVERED_IDENTITIES_LOST': 10, 'COMMON_GEOMETRIC_PROTECTION_DEGRADED': 10, 'RAW_WINDOW_COVERAGE_LOST': 10, 'RAW_WINDOW_IDENTITIES_LOST': 10}"
R0|S0,HIGH_T0_D1,24,22,"['11326', '7289']",0,TRADEOFF,False,False,-11,-6,-6,False,,"{'COMMON_COVERED_IDENTITIES_LOST': 2, 'COMMON_GEOMETRIC_PROTECTION_DEGRADED': 2, 'RAW_WINDOW_COVERAGE_LOST': 2, 'RAW_WINDOW_IDENTITIES_LOST': 2}"
R0|S0,HIGH_T1_D0,24,12,"['9613', '1605', '6831', '1076', '8246', '11017', '3265', '4678', '2467', '1880', '5943', '7313']",0,TRADEOFF,False,False,-79,-61,-61,False,,"{'COMMON_COVERED_IDENTITIES_LOST': 12, 'COMMON_GEOMETRIC_PROTECTION_DEGRADED': 12, 'RAW_WINDOW_COVERAGE_LOST': 12, 'RAW_WINDOW_IDENTITIES_LOST': 12}"
R0|S0,HIGH_T1_D1,24,21,"['5027', '5707', '9880']",0,TRADEOFF,False,False,-10,-7,-7,False,,"{'COMMON_COVERED_IDENTITIES_LOST': 3, 'COMMON_GEOMETRIC_PROTECTION_DEGRADED': 3, 'RAW_WINDOW_COVERAGE_LOST': 3, 'RAW_WINDOW_IDENTITIES_LOST': 3}"
R0|S0,LOW_T0_D1,24,0,"['3262', '4732', '9729', '5', '5414', '4751', '11304', '7330', '5503', '5293', '8240', '9441', '7711', '9787', '10913', '9709', '2025', '4536', '112', '4930', '9069', '1596', '4153', '8941']",0,TRADEOFF,False,False,-2375,-48,-48,False,,"{'COMMON_COVERED_IDENTITIES_LOST': 24, 'COMMON_GEOMETRIC_PROTECTION_DEGRADED': 24, 'RAW_WINDOW_COVERAGE_LOST': 24, 'RAW_WINDOW_IDENTITIES_LOST': 24, 'RECORD_COVERAGE_LOST': 24}"
R0|S0,LOW_T1_D1,24,0,"['217', '130', '799', '4318', '6867', '4492', '4782', '4460', '7736', '9056', '8877', '611', '139', '6008', '4155', '6763', '7137', '4712', '6168', '14', '9296', '9242', '7616', '8152']",0,TRADEOFF,False,False,-2191,-106,-106,False,,"{'COMMON_COVERED_IDENTITIES_LOST': 24, 'COMMON_GEOMETRIC_PROTECTION_DEGRADED': 24, 'RAW_WINDOW_COVERAGE_LOST': 24, 'RAW_WINDOW_IDENTITIES_LOST': 24, 'RECORD_COVERAGE_LOST': 24}"
R0|S0,MID_T0_D0,24,24,[],0,NO_DEMONSTRATED_GAIN,True,False,0,0,0,True,,{}
R0|S0,MID_T0_D1,24,12,"['2286', '4448', '7151', '10796', '7831', '4805', '11351', '8418', '1070', '2050', '43', '5176']",0,TRADEOFF,False,False,-1186,-30,-30,False,,"{'COMMON_COVERED_IDENTITIES_LOST': 12, 'COMMON_GEOMETRIC_PROTECTION_DEGRADED': 12, 'RAW_WINDOW_COVERAGE_LOST': 12, 'RAW_WINDOW_IDENTITIES_LOST': 12, 'RECORD_COVERAGE_LOST': 12}"
R0|S0,MID_T1_D0,24,13,"['6876', '7875', '1686', '7404', '2108', '6214', '7116', '10638', '10075', '5534', '911']",0,TRADEOFF,False,False,-257,-49,-49,False,,"{'COMMON_COVERED_IDENTITIES_LOST': 11, 'COMMON_GEOMETRIC_PROTECTION_DEGRADED': 11, 'RAW_WINDOW_COVERAGE_LOST': 11, 'RAW_WINDOW_IDENTITIES_LOST': 11, 'RECORD_COVERAGE_LOST': 2}"
R0|S0,MID_T1_D1,24,15,"['5029', '7920', '10442', '6556', '200', '7190', '5129', '1307', '4415']",0,TRADEOFF,False,False,-538,-46,-46,False,,"{'COMMON_COVERED_IDENTITIES_LOST': 9, 'COMMON_GEOMETRIC_PROTECTION_DEGRADED': 9, 'RAW_WINDOW_COVERAGE_LOST': 9, 'RAW_WINDOW_IDENTITIES_LOST': 9, 'RECORD_COVERAGE_LOST': 3}"
S0|G0,HIGH_T0_D0,24,8,"['10449', '3357', '9779', '3291', '9994', '8424', '8435', '3641', '7027', '7171', '11325', '4125', '7153', '2192', '10003', '7179']",5,TRADEOFF,False,False,57,20,20,False,4.2261093915139565,{'COMMON_GEOMETRIC_PROTECTION_DEGRADED': 16}
S0|G0,HIGH_T0_D1,24,11,"['1944', '8430', '1860', '9222', '11326', '11021', '10978', '2950', '9407', '822', '8617', '2064', '7253']",1,TRADEOFF,False,False,11,-19,-19,False,2.363435801133264,{'COMMON_GEOMETRIC_PROTECTION_DEGRADED': 13}
S0|G0,HIGH_T1_D0,24,24,[],12,SUPPORTED_WITHIN_SCOPE,True,True,79,61,61,False,4.8097881993170235,{}
S0|G0,HIGH_T1_D1,24,24,[],3,SUPPORTED_WITHIN_SCOPE,True,True,10,7,7,False,0.7548230232669462,{}
S0|G0,LOW_T0_D1,24,24,[],24,SUPPORTED_WITHIN_SCOPE,True,True,2375,48,48,False,4.295338299544473,{}
S0|G0,LOW_T1_D1,24,24,[],24,SUPPORTED_WITHIN_SCOPE,True,True,2191,106,106,False,4.468728079160578,{}
S0|G0,MID_T0_D0,24,15,"['10232', '11272', '5633', '8061', '6225', '82', '647', '9467', '2148']",0,TRADEOFF,False,False,0,-30,-30,False,,{'COMMON_GEOMETRIC_PROTECTION_DEGRADED': 9}
S0|G0,MID_T0_D1,24,21,"['9565', '10169', '5758']",12,TRADEOFF,False,False,1186,29,29,False,4.648750941329466,{'COMMON_GEOMETRIC_PROTECTION_DEGRADED': 3}
S0|G0,MID_T1_D0,24,24,[],11,SUPPORTED_WITHIN_SCOPE,True,True,257,49,49,False,4.9841272741471725,{}
S0|G0,MID_T1_D1,24,24,[],9,SUPPORTED_WITHIN_SCOPE,True,True,538,46,46,False,6.685988483195381,{}
S0|R0,HIGH_T0_D0,24,24,[],10,SUPPORTED_WITHIN_SCOPE,True,True,57,49,49,False,4.2261093915139565,{}
S0|R0,HIGH_T0_D1,24,24,[],2,SUPPORTED_WITHIN_SCOPE,True,True,11,6,6,False,2.363435801133264,{}
S0|R0,HIGH_T1_D0,24,24,[],12,SUPPORTED_WITHIN_SCOPE,True,True,79,61,61,False,4.8097881993170235,{}
S0|R0,HIGH_T1_D1,24,24,[],3,SUPPORTED_WITHIN_SCOPE,True,True,10,7,7,False,0.7548230232669462,{}
S0|R0,LOW_T0_D1,24,24,[],24,SUPPORTED_WITHIN_SCOPE,True,True,2375,48,48,False,4.295338299544473,{}
S0|R0,LOW_T1_D1,24,24,[],24,SUPPORTED_WITHIN_SCOPE,True,True,2191,106,106,False,4.468728079160578,{}
S0|R0,MID_T0_D0,24,24,[],0,NO_DEMONSTRATED_GAIN,True,False,0,0,0,True,,{}
S0|R0,MID_T0_D1,24,24,[],12,SUPPORTED_WITHIN_SCOPE,True,True,1186,30,30,False,4.648750941329466,{}
S0|R0,MID_T1_D0,24,24,[],11,SUPPORTED_WITHIN_SCOPE,True,True,257,49,49,False,4.9841272741471725,{}
S0|R0,MID_T1_D1,24,24,[],9,SUPPORTED_WITHIN_SCOPE,True,True,538,46,46,False,6.685988483195381,{}
S0|S0,HIGH_T0_D0,24,24,[],0,NO_DEMONSTRATED_GAIN,True,False,0,0,0,True,,{}
S0|S0,HIGH_T0_D1,24,24,[],0,NO_DEMONSTRATED_GAIN,True,False,0,0,0,True,,{}
S0|S0,HIGH_T1_D0,24,24,[],0,NO_DEMONSTRATED_GAIN,True,False,0,0,0,True,,{}
S0|S0,HIGH_T1_D1,24,24,[],0,NO_DEMONSTRATED_GAIN,True,False,0,0,0,True,,{}
S0|S0,LOW_T0_D1,24,24,[],0,NO_DEMONSTRATED_GAIN,True,False,0,0,0,True,,{}
S0|S0,LOW_T1_D1,24,24,[],0,NO_DEMONSTRATED_GAIN,True,False,0,0,0,True,,{}
S0|S0,MID_T0_D0,24,24,[],0,NO_DEMONSTRATED_GAIN,True,False,0,0,0,True,,{}
S0|S0,MID_T0_D1,24,24,[],0,NO_DEMONSTRATED_GAIN,True,False,0,0,0,True,,{}
S0|S0,MID_T1_D0,24,24,[],0,NO_DEMONSTRATED_GAIN,True,False,0,0,0,True,,{}
S0|S0,MID_T1_D1,24,24,[],0,NO_DEMONSTRATED_GAIN,True,False,0,0,0,True,,{}
