case_id,execution,classification,record_id,n_input,n_final,point_retention,point_retention_reason,record_covered,all_filtered,no_output,n_filtered,n_direction_removed,n_dp_removed,n_dp_input,n_dp_output,dp_saving,dp_saving_reason,dp_max_error,dp_mean_error,dp_p50_error,dp_p90_error,dp_p95_error,dp_p99_error,dp_error_reason,dp_error_denominator,n_dp_exceedances,dp_checks_passed,n_s_segments,n_filtered_segments,direction_candidate_points,direction_undefined_points,direction_windows_across_raw_breaks,p_removed_raw_break_trigger_points,raw_length,raw_length_reason,final_length,final_length_reason,common_reference_id,common_raw_points,common_covered_points,common_uncovered_points,common_coverage,common_coverage_reason,common_error_denominator,common_max_error,common_mean_error,common_p95_error,common_error_reason,common_over_5_points,common_error_budget,common_floating_allowance,raw_break_count,raw_break_crossings,raw_breaks_crossed,raw_break_trigger_points_removed,raw_windows,raw_windows_covered,reference_window_length,constraint_status,parameters,order,synthetic_truth_counts,known_answer_checks,interpretation,action,real_data_accuracy_claim
CE01_DIRECTION_AMBIGUITY,normal_right_angle,SYNTHETIC_COUNTEREXAMPLE,fixture:normal_right_angle,5,5,1.0,,True,False,False,0,0,0,5,5,0.0,,0.0,0.0,0.0,0.0,0.0,0.0,,5,0,True,1,0,0,3,0,0,40.0,,40.0,,RAW_WINDOWS_DT30_DISTANCE400_V1,5,5,0,1.0,,5,0.0,0.0,0.0,,0,5,2.8421709430404007e-13,0,0,0,0,1,1,40.0,NO_RAW_BREAK_CROSSING,"{""dt"":30,""distance"":400,""min_points"":2,""min_length"":0,""direction"":35,""dp"":0}",S-D-P,"{""known_noise_points"":0,""known_normal_points"":5,""true_positive"":0,""false_positive"":0,""false_negative"":0,""only_authored_fixture_truth"":true}","[{""name"":""normal_right_angle: direction deletion identities"",""observed"":[],""expected"":[],""passed"":true},{""name"":""legitimate_zigzag: direction deletion identities"",""observed"":[1,2],""expected"":[1,2],""passed"":true},{""name"":""injected_spike: direction deletion identities"",""observed"":[1,2],""expected"":[1,2],""passed"":true}]","A single right-angle turn is retained here, but legitimate zigzag vertices satisfy the same deletion predicate. In the authored spike example the method deletes one normal neighbor together with the injected spike. Geometry alone is not a noise truth label.",Retain approved predicate as the teaching reference; do not claim real-data detection accuracy or alter the method from this example alone.,False
CE01_DIRECTION_AMBIGUITY,legitimate_zigzag,SYNTHETIC_COUNTEREXAMPLE,fixture:legitimate_zigzag,5,3,0.6,,True,False,False,0,2,0,3,3,0.0,,0.0,0.0,0.0,0.0,0.0,0.0,,3,0,True,1,0,2,3,0,0,40.0,,32.3606797749979,,RAW_WINDOWS_DT30_DISTANCE400_V1,5,5,0,1.0,,5,4.47213595499958,1.788854381999832,4.47213595499958,,0,5,2.8421709430404007e-13,0,0,0,0,1,1,40.0,NO_RAW_BREAK_CROSSING,"{""dt"":30,""distance"":400,""min_points"":2,""min_length"":0,""direction"":35,""dp"":0}",S-D-P,"{""known_noise_points"":0,""known_normal_points"":5,""true_positive"":0,""false_positive"":2,""false_negative"":0,""only_authored_fixture_truth"":true}","[{""name"":""normal_right_angle: direction deletion identities"",""observed"":[],""expected"":[],""passed"":true},{""name"":""legitimate_zigzag: direction deletion identities"",""observed"":[1,2],""expected"":[1,2],""passed"":true},{""name"":""injected_spike: direction deletion identities"",""observed"":[1,2],""expected"":[1,2],""passed"":true}]","A single right-angle turn is retained here, but legitimate zigzag vertices satisfy the same deletion predicate. In the authored spike example the method deletes one normal neighbor together with the injected spike. Geometry alone is not a noise truth label.",Retain approved predicate as the teaching reference; do not claim real-data detection accuracy or alter the method from this example alone.,False
CE01_DIRECTION_AMBIGUITY,injected_spike,SYNTHETIC_COUNTEREXAMPLE,fixture:injected_spike,5,3,0.6,,True,False,False,0,2,0,3,3,0.0,,0.0,0.0,0.0,0.0,0.0,0.0,,3,0,True,1,0,2,3,0,0,83.24555320336759,,40.0,,RAW_WINDOWS_DT30_DISTANCE400_V1,5,5,0,1.0,,5,30.0,6.0,23.999999999999993,,1,5,5.684341886080801e-13,0,0,0,0,1,1,83.24555320336759,NO_RAW_BREAK_CROSSING,"{""dt"":30,""distance"":400,""min_points"":2,""min_length"":0,""direction"":35,""dp"":0}",S-D-P,"{""known_noise_points"":1,""known_normal_points"":4,""true_positive"":1,""false_positive"":1,""false_negative"":0,""only_authored_fixture_truth"":true}","[{""name"":""normal_right_angle: direction deletion identities"",""observed"":[],""expected"":[],""passed"":true},{""name"":""legitimate_zigzag: direction deletion identities"",""observed"":[1,2],""expected"":[1,2],""passed"":true},{""name"":""injected_spike: direction deletion identities"",""observed"":[1,2],""expected"":[1,2],""passed"":true}]","A single right-angle turn is retained here, but legitimate zigzag vertices satisfy the same deletion predicate. In the authored spike example the method deletes one normal neighbor together with the injected spike. Geometry alone is not a noise truth label.",Retain approved predicate as the teaching reference; do not claim real-data detection accuracy or alter the method from this example alone.,False
CE02_UNDEFINED_IS_NOT_ZERO,zero_and_time_conflict,SYNTHETIC_COUNTEREXAMPLE,fixture:zero_and_time_conflict,5,4,0.8,,True,False,False,0,1,0,4,4,0.0,,0.0,0.0,0.0,0.0,0.0,0.0,,4,0,True,1,0,1,4,0,0,15.0,,12.071067811865476,,RAW_WINDOWS_DT30_DISTANCE400_V1,5,5,0,1.0,,5,3.5355339059327373,0.7071067811865475,2.8284271247461894,,0,5,1.4210854715202004e-13,0,0,0,0,1,1,15.0,NO_RAW_BREAK_CROSSING,"{""dt"":30,""distance"":400,""min_points"":2,""min_length"":0,""direction"":35,""dp"":0}",S-D-P,,"[{""name"":""zero-dt edges remain unavailable"",""observed"":2,""expected"":2,""passed"":true},{""name"":""same-time different-position count"",""observed"":1,""expected"":1,""passed"":true},{""name"":""zero-displacement direction unavailable"",""observed"":1,""expected"":1,""passed"":true},{""name"":""point 1 undefined window retained"",""observed"":""UNCOMPUTABLE_DIRECTION_IN_WINDOW"",""expected"":""UNCOMPUTABLE_DIRECTION_IN_WINDOW"",""passed"":true}]","Zero displacement has undefined direction; zero dt has undefined speed, including the moving same-time edge. These are explicit reasons, not fabricated zero velocities or a physical speed limit.",Keep undefined direction windows according to the approved one-pass schedule and report their denominator.,False
CE03_ORDER_AND_BREAK_INFORMATION,time_gap:S-D-P,SYNTHETIC_COUNTEREXAMPLE,fixture:time_gap,5,4,0.8,,True,False,False,0,0,1,5,4,0.19999999999999996,,0.0,0.0,0.0,0.0,0.0,0.0,,5,0,True,2,0,0,5,0,0,40.0,,30.0,,RAW_WINDOWS_DT30_DISTANCE400_V1,5,5,0,1.0,,5,0.0,0.0,0.0,,0,5,5.684341886080801e-13,1,0,0,0,2,2,30.0,NO_RAW_BREAK_CROSSING,"{""dt"":30,""distance"":400,""min_points"":2,""min_length"":0,""direction"":35,""dp"":5}",S-D-P,,"[{""name"":""time reference keeps record coverage"",""observed"":true,""expected"":true,""passed"":true},{""name"":""P-before-S time fixture loses all output"",""observed"":true,""expected"":true,""passed"":true},{""name"":""not every raw point was filtered by S"",""observed"":false,""expected"":false,""passed"":true},{""name"":""distance breakpoint hidden by P"",""observed"":1,""expected"":1,""passed"":true},{""name"":""P removed triggering point"",""observed"":[1],""expected"":[1],""passed"":true}]",P preserves its own geometric tolerance but can remove breakpoint trigger information. On the time fixture later S filters the two remaining singleton segments; on the distance fixture a 399-metre final edge crosses the original 401-metre break.,Keep actual unsafe order results as constraint-rejected experiments; no hidden segmentation or repair is added.,False
CE03_ORDER_AND_BREAK_INFORMATION,time_gap:P-S-D,SYNTHETIC_COUNTEREXAMPLE,fixture:time_gap,5,0,0.0,,False,False,True,2,0,3,5,2,0.6,,0.0,0.0,0.0,0.0,0.0,0.0,,5,0,True,2,2,0,0,0,2,40.0,,,EMPTY_OUTPUT,RAW_WINDOWS_DT30_DISTANCE400_V1,5,0,5,0.0,,0,,,,NO_COVERED_RAW_POINTS,0,5,5.684341886080801e-13,1,0,0,2,2,0,30.0,NO_RAW_BREAK_CROSSING,"{""dt"":30,""distance"":400,""min_points"":2,""min_length"":0,""direction"":35,""dp"":5}",P-S-D,,"[{""name"":""time reference keeps record coverage"",""observed"":true,""expected"":true,""passed"":true},{""name"":""P-before-S time fixture loses all output"",""observed"":true,""expected"":true,""passed"":true},{""name"":""not every raw point was filtered by S"",""observed"":false,""expected"":false,""passed"":true},{""name"":""distance breakpoint hidden by P"",""observed"":1,""expected"":1,""passed"":true},{""name"":""P removed triggering point"",""observed"":[1],""expected"":[1],""passed"":true}]",P preserves its own geometric tolerance but can remove breakpoint trigger information. On the time fixture later S filters the two remaining singleton segments; on the distance fixture a 399-metre final edge crosses the original 401-metre break.,Keep actual unsafe order results as constraint-rejected experiments; no hidden segmentation or repair is added.,False
CE03_ORDER_AND_BREAK_INFORMATION,time_gap:D-S-P,SYNTHETIC_COUNTEREXAMPLE,fixture:time_gap,5,4,0.8,,True,False,False,0,0,1,5,4,0.19999999999999996,,0.0,0.0,0.0,0.0,0.0,0.0,,5,0,True,2,0,0,3,2,0,40.0,,30.0,,RAW_WINDOWS_DT30_DISTANCE400_V1,5,5,0,1.0,,5,0.0,0.0,0.0,,0,5,5.684341886080801e-13,1,0,0,0,2,2,30.0,NO_RAW_BREAK_CROSSING,"{""dt"":30,""distance"":400,""min_points"":2,""min_length"":0,""direction"":35,""dp"":5}",D-S-P,,"[{""name"":""time reference keeps record coverage"",""observed"":true,""expected"":true,""passed"":true},{""name"":""P-before-S time fixture loses all output"",""observed"":true,""expected"":true,""passed"":true},{""name"":""not every raw point was filtered by S"",""observed"":false,""expected"":false,""passed"":true},{""name"":""distance breakpoint hidden by P"",""observed"":1,""expected"":1,""passed"":true},{""name"":""P removed triggering point"",""observed"":[1],""expected"":[1],""passed"":true}]",P preserves its own geometric tolerance but can remove breakpoint trigger information. On the time fixture later S filters the two remaining singleton segments; on the distance fixture a 399-metre final edge crosses the original 401-metre break.,Keep actual unsafe order results as constraint-rejected experiments; no hidden segmentation or repair is added.,False
CE03_ORDER_AND_BREAK_INFORMATION,hidden_distance_break:S-D-P,SYNTHETIC_COUNTEREXAMPLE,fixture:hidden_distance_break,3,2,0.6666666666666666,,True,False,False,1,0,0,2,2,0.0,,0.0,0.0,0.0,0.0,0.0,0.0,,2,0,True,2,1,0,2,0,0,403.0,,2.0,,RAW_WINDOWS_DT30_DISTANCE400_V1,3,2,1,0.6666666666666666,,2,0.0,0.0,0.0,,0,5,5.6985527407960035e-12,1,0,0,1,2,1,2.0,NO_RAW_BREAK_CROSSING,"{""dt"":30,""distance"":400,""min_points"":2,""min_length"":0,""direction"":35,""dp"":5}",S-D-P,,"[{""name"":""time reference keeps record coverage"",""observed"":true,""expected"":true,""passed"":true},{""name"":""P-before-S time fixture loses all output"",""observed"":true,""expected"":true,""passed"":true},{""name"":""not every raw point was filtered by S"",""observed"":false,""expected"":false,""passed"":true},{""name"":""distance breakpoint hidden by P"",""observed"":1,""expected"":1,""passed"":true},{""name"":""P removed triggering point"",""observed"":[1],""expected"":[1],""passed"":true}]",P preserves its own geometric tolerance but can remove breakpoint trigger information. On the time fixture later S filters the two remaining singleton segments; on the distance fixture a 399-metre final edge crosses the original 401-metre break.,Keep actual unsafe order results as constraint-rejected experiments; no hidden segmentation or repair is added.,False
CE03_ORDER_AND_BREAK_INFORMATION,hidden_distance_break:P-S-D,SYNTHETIC_COUNTEREXAMPLE,fixture:hidden_distance_break,3,2,0.6666666666666666,,True,False,False,0,0,1,3,2,0.33333333333333337,,2.0,0.6666666666666666,0.0,1.6,1.7999999999999998,1.96,,3,0,True,1,0,0,2,0,1,403.0,,399.0,,RAW_WINDOWS_DT30_DISTANCE400_V1,3,2,1,0.6666666666666666,,2,0.0,0.0,0.0,,0,5,5.6985527407960035e-12,1,1,1,1,2,2,2.0,REJECTED_BY_CONSTRAINT,"{""dt"":30,""distance"":400,""min_points"":2,""min_length"":0,""direction"":35,""dp"":5}",P-S-D,,"[{""name"":""time reference keeps record coverage"",""observed"":true,""expected"":true,""passed"":true},{""name"":""P-before-S time fixture loses all output"",""observed"":true,""expected"":true,""passed"":true},{""name"":""not every raw point was filtered by S"",""observed"":false,""expected"":false,""passed"":true},{""name"":""distance breakpoint hidden by P"",""observed"":1,""expected"":1,""passed"":true},{""name"":""P removed triggering point"",""observed"":[1],""expected"":[1],""passed"":true}]",P preserves its own geometric tolerance but can remove breakpoint trigger information. On the time fixture later S filters the two remaining singleton segments; on the distance fixture a 399-metre final edge crosses the original 401-metre break.,Keep actual unsafe order results as constraint-rejected experiments; no hidden segmentation or repair is added.,False
CE03_ORDER_AND_BREAK_INFORMATION,hidden_distance_break:D-S-P,SYNTHETIC_COUNTEREXAMPLE,fixture:hidden_distance_break,3,2,0.6666666666666666,,True,False,False,1,0,0,2,2,0.0,,0.0,0.0,0.0,0.0,0.0,0.0,,2,0,True,2,1,0,3,0,0,403.0,,2.0,,RAW_WINDOWS_DT30_DISTANCE400_V1,3,2,1,0.6666666666666666,,2,0.0,0.0,0.0,,0,5,5.6985527407960035e-12,1,0,0,1,2,1,2.0,NO_RAW_BREAK_CROSSING,"{""dt"":30,""distance"":400,""min_points"":2,""min_length"":0,""direction"":35,""dp"":5}",D-S-P,,"[{""name"":""time reference keeps record coverage"",""observed"":true,""expected"":true,""passed"":true},{""name"":""P-before-S time fixture loses all output"",""observed"":true,""expected"":true,""passed"":true},{""name"":""not every raw point was filtered by S"",""observed"":false,""expected"":false,""passed"":true},{""name"":""distance breakpoint hidden by P"",""observed"":1,""expected"":1,""passed"":true},{""name"":""P removed triggering point"",""observed"":[1],""expected"":[1],""passed"":true}]",P preserves its own geometric tolerance but can remove breakpoint trigger information. On the time fixture later S filters the two remaining singleton segments; on the distance fixture a 399-metre final edge crosses the original 401-metre break.,Keep actual unsafe order results as constraint-rejected experiments; no hidden segmentation or repair is added.,False
CE04_FINITE_DISTANCE_AND_EQUALITY,finite,SYNTHETIC_COUNTEREXAMPLE,fixture:finite_segment,3,3,1.0,,True,False,False,0,0,0,3,3,0.0,,0.0,0.0,0.0,0.0,0.0,0.0,,3,0,True,1,0,0,3,0,0,3.6502815398728847,,3.6502815398728847,,RAW_WINDOWS_DT30_DISTANCE400_V1,3,3,0,1.0,,3,0.0,0.0,0.0,,0,5,7.105427357601002e-14,0,0,0,0,1,1,3.6502815398728847,NO_RAW_BREAK_CROSSING,"{""dt"":30,""distance"":400,""min_points"":2,""min_length"":0,""direction"":35,""dp"":1.1}",S-D-P,,"[{""name"":""finite distance rejects infinite-line shortcut"",""observed"":""REJECTED"",""expected"":""REJECTED"",""passed"":true},{""name"":""finite distance is sqrt(2)"",""observed"":1.4142135623730951,""expected"":1.4142135623730951,""passed"":true},{""name"":""correct finite DP retains middle point"",""observed"":3,""expected"":3,""passed"":true},{""name"":""zero tolerance preserves all points"",""observed"":3,""expected"":3,""passed"":true},{""name"":""below equality retains point"",""observed"":3,""expected"":3,""passed"":true},{""name"":""equality does not recurse"",""observed"":2,""expected"":2,""passed"":true}]","The middle point projects beyond the finite endpoint, so its finite distance is sqrt(2), not the infinite-line distance 1. A separate exact-height example verifies strict recursion and dp=0 identity.",Reject the constructed infinite-line shortcut. Audit tolerance remains separate from the algorithm threshold.,False
CE04_FINITE_DISTANCE_AND_EQUALITY,dp=0,SYNTHETIC_COUNTEREXAMPLE,fixture:threshold_equality,3,3,1.0,,True,False,False,0,0,0,3,3,0.0,,0.0,0.0,0.0,0.0,0.0,0.0,,3,0,True,1,0,0,3,0,0,2.8284271247461903,,2.8284271247461903,,RAW_WINDOWS_DT30_DISTANCE400_V1,3,3,0,1.0,,3,0.0,0.0,0.0,,0,5,7.105427357601002e-14,0,0,0,0,1,1,2.8284271247461903,NO_RAW_BREAK_CROSSING,"{""dt"":30,""distance"":400,""min_points"":2,""min_length"":0,""direction"":35,""dp"":0}",S-D-P,,"[{""name"":""finite distance rejects infinite-line shortcut"",""observed"":""REJECTED"",""expected"":""REJECTED"",""passed"":true},{""name"":""finite distance is sqrt(2)"",""observed"":1.4142135623730951,""expected"":1.4142135623730951,""passed"":true},{""name"":""correct finite DP retains middle point"",""observed"":3,""expected"":3,""passed"":true},{""name"":""zero tolerance preserves all points"",""observed"":3,""expected"":3,""passed"":true},{""name"":""below equality retains point"",""observed"":3,""expected"":3,""passed"":true},{""name"":""equality does not recurse"",""observed"":2,""expected"":2,""passed"":true}]","The middle point projects beyond the finite endpoint, so its finite distance is sqrt(2), not the infinite-line distance 1. A separate exact-height example verifies strict recursion and dp=0 identity.",Reject the constructed infinite-line shortcut. Audit tolerance remains separate from the algorithm threshold.,False
CE04_FINITE_DISTANCE_AND_EQUALITY,dp=0.99999999,SYNTHETIC_COUNTEREXAMPLE,fixture:threshold_equality,3,3,1.0,,True,False,False,0,0,0,3,3,0.0,,0.0,0.0,0.0,0.0,0.0,0.0,,3,0,True,1,0,0,3,0,0,2.8284271247461903,,2.8284271247461903,,RAW_WINDOWS_DT30_DISTANCE400_V1,3,3,0,1.0,,3,0.0,0.0,0.0,,0,5,7.105427357601002e-14,0,0,0,0,1,1,2.8284271247461903,NO_RAW_BREAK_CROSSING,"{""dt"":30,""distance"":400,""min_points"":2,""min_length"":0,""direction"":35,""dp"":0.99999999}",S-D-P,,"[{""name"":""finite distance rejects infinite-line shortcut"",""observed"":""REJECTED"",""expected"":""REJECTED"",""passed"":true},{""name"":""finite distance is sqrt(2)"",""observed"":1.4142135623730951,""expected"":1.4142135623730951,""passed"":true},{""name"":""correct finite DP retains middle point"",""observed"":3,""expected"":3,""passed"":true},{""name"":""zero tolerance preserves all points"",""observed"":3,""expected"":3,""passed"":true},{""name"":""below equality retains point"",""observed"":3,""expected"":3,""passed"":true},{""name"":""equality does not recurse"",""observed"":2,""expected"":2,""passed"":true}]","The middle point projects beyond the finite endpoint, so its finite distance is sqrt(2), not the infinite-line distance 1. A separate exact-height example verifies strict recursion and dp=0 identity.",Reject the constructed infinite-line shortcut. Audit tolerance remains separate from the algorithm threshold.,False
CE04_FINITE_DISTANCE_AND_EQUALITY,dp=1,SYNTHETIC_COUNTEREXAMPLE,fixture:threshold_equality,3,2,0.6666666666666666,,True,False,False,0,0,1,3,2,0.33333333333333337,,1.0,0.3333333333333333,0.0,0.8,0.8999999999999999,0.98,,3,0,True,1,0,0,3,0,0,2.8284271247461903,,2.0,,RAW_WINDOWS_DT30_DISTANCE400_V1,3,3,0,1.0,,3,1.0,0.3333333333333333,0.8999999999999999,,0,5,7.105427357601002e-14,0,0,0,0,1,1,2.8284271247461903,NO_RAW_BREAK_CROSSING,"{""dt"":30,""distance"":400,""min_points"":2,""min_length"":0,""direction"":35,""dp"":1}",S-D-P,,"[{""name"":""finite distance rejects infinite-line shortcut"",""observed"":""REJECTED"",""expected"":""REJECTED"",""passed"":true},{""name"":""finite distance is sqrt(2)"",""observed"":1.4142135623730951,""expected"":1.4142135623730951,""passed"":true},{""name"":""correct finite DP retains middle point"",""observed"":3,""expected"":3,""passed"":true},{""name"":""zero tolerance preserves all points"",""observed"":3,""expected"":3,""passed"":true},{""name"":""below equality retains point"",""observed"":3,""expected"":3,""passed"":true},{""name"":""equality does not recurse"",""observed"":2,""expected"":2,""passed"":true}]","The middle point projects beyond the finite endpoint, so its finite distance is sqrt(2), not the infinite-line distance 1. A separate exact-height example verifies strict recursion and dp=0 identity.",Reject the constructed infinite-line shortcut. Audit tolerance remains separate from the algorithm threshold.,False
CE04_FINITE_DISTANCE_AND_EQUALITY,dp=1.00000001,SYNTHETIC_COUNTEREXAMPLE,fixture:threshold_equality,3,2,0.6666666666666666,,True,False,False,0,0,1,3,2,0.33333333333333337,,1.0,0.3333333333333333,0.0,0.8,0.8999999999999999,0.98,,3,0,True,1,0,0,3,0,0,2.8284271247461903,,2.0,,RAW_WINDOWS_DT30_DISTANCE400_V1,3,3,0,1.0,,3,1.0,0.3333333333333333,0.8999999999999999,,0,5,7.105427357601002e-14,0,0,0,0,1,1,2.8284271247461903,NO_RAW_BREAK_CROSSING,"{""dt"":30,""distance"":400,""min_points"":2,""min_length"":0,""direction"":35,""dp"":1.00000001}",S-D-P,,"[{""name"":""finite distance rejects infinite-line shortcut"",""observed"":""REJECTED"",""expected"":""REJECTED"",""passed"":true},{""name"":""finite distance is sqrt(2)"",""observed"":1.4142135623730951,""expected"":1.4142135623730951,""passed"":true},{""name"":""correct finite DP retains middle point"",""observed"":3,""expected"":3,""passed"":true},{""name"":""zero tolerance preserves all points"",""observed"":3,""expected"":3,""passed"":true},{""name"":""below equality retains point"",""observed"":3,""expected"":3,""passed"":true},{""name"":""equality does not recurse"",""observed"":2,""expected"":2,""passed"":true}]","The middle point projects beyond the finite endpoint, so its finite distance is sqrt(2), not the infinite-line distance 1. A separate exact-height example verifies strict recursion and dp=0 identity.",Reject the constructed infinite-line shortcut. Audit tolerance remains separate from the algorithm threshold.,False
CE05_EMPTY_OUTPUT_IS_NOT_SUCCESS,covered,SYNTHETIC_COUNTEREXAMPLE,fixture:threshold_equality,3,2,0.6666666666666666,,True,False,False,0,0,1,3,2,0.33333333333333337,,1.0,0.3333333333333333,0.0,0.8,0.8999999999999999,0.98,,3,0,True,1,0,0,3,0,0,2.8284271247461903,,2.0,,RAW_WINDOWS_DT30_DISTANCE400_V1,3,3,0,1.0,,3,1.0,0.3333333333333333,0.8999999999999999,,0,5,7.105427357601002e-14,0,0,0,0,1,1,2.8284271247461903,NO_RAW_BREAK_CROSSING,"{""dt"":30,""distance"":400,""min_points"":2,""min_length"":0,""direction"":35,""dp"":1}",S-D-P,,"[{""name"":""all raw points remain denominator"",""observed"":3,""expected"":3,""passed"":true},{""name"":""empty output coverage"",""observed"":0.0,""expected"":0.0,""passed"":true},{""name"":""empty error is null"",""observed"":null,""expected"":null,""passed"":true},{""name"":""empty DP saving is null"",""observed"":null,""expected"":null,""passed"":true}]","An empty output contains no observed anomaly but also no covered raw points. Error and DP saving are unavailable, not perfect zeros; complete input membership remains visible.",Use coverage guards and null+reason rather than rewarding absence of output.,False
CE05_EMPTY_OUTPUT_IS_NOT_SUCCESS,all_filtered,SYNTHETIC_COUNTEREXAMPLE,fixture:threshold_equality,3,0,0.0,,False,True,True,3,0,0,0,0,,EMPTY_DP_REFERENCE_DENOMINATOR,,,,,,,EMPTY_DP_REFERENCE,0,0,True,1,1,0,0,0,0,2.8284271247461903,,,EMPTY_OUTPUT,RAW_WINDOWS_DT30_DISTANCE400_V1,3,0,3,0.0,,0,,,,NO_COVERED_RAW_POINTS,0,5,7.105427357601002e-14,0,0,0,0,1,0,2.8284271247461903,NO_RAW_BREAK_CROSSING,"{""dt"":30,""distance"":400,""min_points"":5,""min_length"":65,""direction"":35,""dp"":5}",S-D-P,,"[{""name"":""all raw points remain denominator"",""observed"":3,""expected"":3,""passed"":true},{""name"":""empty output coverage"",""observed"":0.0,""expected"":0.0,""passed"":true},{""name"":""empty error is null"",""observed"":null,""expected"":null,""passed"":true},{""name"":""empty DP saving is null"",""observed"":null,""expected"":null,""passed"":true}]","An empty output contains no observed anomaly but also no covered raw points. Error and DP saving are unavailable, not perfect zeros; complete input membership remains visible.",Use coverage guards and null+reason rather than rewarding absence of output.,False
CE06_OWN_CLEAN_IS_NOT_COMMON_TRUTH,direction=35,SYNTHETIC_COUNTEREXAMPLE,fixture:own_clean_reference,5,4,0.8,,True,False,False,0,1,0,4,4,0.0,,0.0,0.0,0.0,0.0,0.0,0.0,,4,0,True,1,0,1,3,0,0,4.414213562373095,,4.23606797749979,,RAW_WINDOWS_DT30_DISTANCE400_V1,5,5,0,1.0,,5,0.4472135954999579,0.08944271909999159,0.35777087639996624,,0,5,7.105427357601002e-14,0,0,0,0,1,1,4.414213562373095,NO_RAW_BREAK_CROSSING,"{""dt"":30,""distance"":400,""min_points"":2,""min_length"":0,""direction"":35,""dp"":0}",S-D-P,,"[{""name"":""both own-P errors are zero"",""observed"":[0.0,0.0],""expected"":[0.0,0.0],""passed"":true},{""name"":""fixed-raw errors distinguish the methods"",""observed"":true,""expected"":true,""passed"":true},{""name"":""candidate clean deletion retains coverage denominator"",""observed"":5,""expected"":5,""passed"":true}]",Both P stages copy their own inputs exactly and report error zero; the direction=35 path has already removed a point. Its common raw-reference error is positive while direction=60 remains zero. Separate DP certificates therefore cannot establish cross-method quality.,Compare the pre-fixed raw reference and covered point identities; keep DP guarantees as stage-local facts.,False
CE06_OWN_CLEAN_IS_NOT_COMMON_TRUTH,direction=60,SYNTHETIC_COUNTEREXAMPLE,fixture:own_clean_reference,5,5,1.0,,True,False,False,0,0,0,5,5,0.0,,0.0,0.0,0.0,0.0,0.0,0.0,,5,0,True,1,0,0,3,0,0,4.414213562373095,,4.414213562373095,,RAW_WINDOWS_DT30_DISTANCE400_V1,5,5,0,1.0,,5,0.0,0.0,0.0,,0,5,7.105427357601002e-14,0,0,0,0,1,1,4.414213562373095,NO_RAW_BREAK_CROSSING,"{""dt"":30,""distance"":400,""min_points"":2,""min_length"":0,""direction"":60,""dp"":0}",S-D-P,,"[{""name"":""both own-P errors are zero"",""observed"":[0.0,0.0],""expected"":[0.0,0.0],""passed"":true},{""name"":""fixed-raw errors distinguish the methods"",""observed"":true,""expected"":true,""passed"":true},{""name"":""candidate clean deletion retains coverage denominator"",""observed"":5,""expected"":5,""passed"":true}]",Both P stages copy their own inputs exactly and report error zero; the direction=35 path has already removed a point. Its common raw-reference error is positive while direction=60 remains zero. Separate DP certificates therefore cannot establish cross-method quality.,Compare the pre-fixed raw reference and covered point identities; keep DP guarantees as stage-local facts.,False
