family,config_id,dt,distance,min_points,min_length,direction,dp,feasible_all_records,on_feasible_frontier,dominated_by,research_status,selected_before_evaluation,dimensions,selection_changed_by_this_analysis,frontier_is_quality_acceptance
C-S,cfg-5f3726776663985b,15,400,5,65,35,5,False,False,[],TRADEOFF,False,each record: maximize covered original-index identity set; minimize max error on fixed baseline-covered mask,False,False
C-S,cfg-7b4506482fa0b5f2,20,400,5,65,35,5,False,False,[],TRADEOFF,False,each record: maximize covered original-index identity set; minimize max error on fixed baseline-covered mask,False,False
C-S,cfg-b15b8281b73592fb,30,400,5,65,35,5,True,False,"[""cfg-6599edd5fcbf75b1"",""cfg-d4df6d869dc800d6"",""cfg-63139d05595c253c"",""cfg-5279f18a16a391af"",""cfg-1e535c3fe3cc8ae1"",""cfg-81a89e633001f457"",""cfg-a676557c7da6251e"",""cfg-901645379df0db06""]",NO_DEMONSTRATED_GAIN,False,each record: maximize covered original-index identity set; minimize max error on fixed baseline-covered mask,False,False
C-S,cfg-85746847a32cb544,45,400,5,65,35,5,False,False,[],REJECTED_BY_CONSTRAINT,False,each record: maximize covered original-index identity set; minimize max error on fixed baseline-covered mask,False,False
C-S,cfg-d4ff6528d1731c17,60,400,5,65,35,5,False,False,[],REJECTED_BY_CONSTRAINT,False,each record: maximize covered original-index identity set; minimize max error on fixed baseline-covered mask,False,False
C-S,cfg-0ad662cd1af68eaf,30,95,5,65,35,5,False,False,[],TRADEOFF,False,each record: maximize covered original-index identity set; minimize max error on fixed baseline-covered mask,False,False
C-S,cfg-c75c27c441321c6a,30,200,5,65,35,5,False,False,[],TRADEOFF,False,each record: maximize covered original-index identity set; minimize max error on fixed baseline-covered mask,False,False
C-S,cfg-cfcdb0f0e22b991f,30,600,5,65,35,5,False,False,[],REJECTED_BY_CONSTRAINT,False,each record: maximize covered original-index identity set; minimize max error on fixed baseline-covered mask,False,False
C-S,cfg-7261bd230cb316ee,30,800,5,65,35,5,False,False,[],REJECTED_BY_CONSTRAINT,False,each record: maximize covered original-index identity set; minimize max error on fixed baseline-covered mask,False,False
C-S,cfg-6599edd5fcbf75b1,30,400,2,65,35,5,True,False,"[""cfg-1e535c3fe3cc8ae1"",""cfg-81a89e633001f457""]",SUPPORTED_WITHIN_SCOPE,False,each record: maximize covered original-index identity set; minimize max error on fixed baseline-covered mask,False,False
C-S,cfg-d4df6d869dc800d6,30,400,3,65,35,5,True,False,"[""cfg-6599edd5fcbf75b1"",""cfg-1e535c3fe3cc8ae1"",""cfg-81a89e633001f457"",""cfg-a676557c7da6251e"",""cfg-901645379df0db06""]",SUPPORTED_WITHIN_SCOPE,False,each record: maximize covered original-index identity set; minimize max error on fixed baseline-covered mask,False,False
C-S,cfg-38b5af70752afcf3,30,400,7,65,35,5,False,False,[],TRADEOFF,False,each record: maximize covered original-index identity set; minimize max error on fixed baseline-covered mask,False,False
C-S,cfg-7a5c632edc26a683,30,400,10,65,35,5,False,False,[],TRADEOFF,False,each record: maximize covered original-index identity set; minimize max error on fixed baseline-covered mask,False,False
C-S,cfg-63139d05595c253c,30,400,5,0,35,5,True,False,"[""cfg-1e535c3fe3cc8ae1"",""cfg-a676557c7da6251e""]",SUPPORTED_WITHIN_SCOPE,False,each record: maximize covered original-index identity set; minimize max error on fixed baseline-covered mask,False,False
C-S,cfg-5279f18a16a391af,30,400,5,32.5,35,5,True,False,"[""cfg-63139d05595c253c"",""cfg-1e535c3fe3cc8ae1"",""cfg-81a89e633001f457"",""cfg-a676557c7da6251e"",""cfg-901645379df0db06""]",SUPPORTED_WITHIN_SCOPE,False,each record: maximize covered original-index identity set; minimize max error on fixed baseline-covered mask,False,False
C-S,cfg-2145210f6818db22,30,400,5,97.5,35,5,False,False,[],TRADEOFF,False,each record: maximize covered original-index identity set; minimize max error on fixed baseline-covered mask,False,False
C-S,cfg-dc3bdca5d6cb9c1f,30,400,5,130,35,5,False,False,[],TRADEOFF,False,each record: maximize covered original-index identity set; minimize max error on fixed baseline-covered mask,False,False
C-S,cfg-672c311f4dabd45c,15,95,5,65,35,5,False,False,[],TRADEOFF,False,each record: maximize covered original-index identity set; minimize max error on fixed baseline-covered mask,False,False
C-S,cfg-a14223bb071ea6fe,15,200,5,65,35,5,False,False,[],TRADEOFF,False,each record: maximize covered original-index identity set; minimize max error on fixed baseline-covered mask,False,False
C-S,cfg-fd21019cc8ca3842,15,600,5,65,35,5,False,False,[],REJECTED_BY_CONSTRAINT,False,each record: maximize covered original-index identity set; minimize max error on fixed baseline-covered mask,False,False
C-S,cfg-3f2e270c7b010996,15,800,5,65,35,5,False,False,[],REJECTED_BY_CONSTRAINT,False,each record: maximize covered original-index identity set; minimize max error on fixed baseline-covered mask,False,False
C-S,cfg-522fba6abbf5d1bc,20,95,5,65,35,5,False,False,[],TRADEOFF,False,each record: maximize covered original-index identity set; minimize max error on fixed baseline-covered mask,False,False
C-S,cfg-9733e27113ed91ea,20,200,5,65,35,5,False,False,[],TRADEOFF,False,each record: maximize covered original-index identity set; minimize max error on fixed baseline-covered mask,False,False
C-S,cfg-857da90ed04ebbbe,20,600,5,65,35,5,False,False,[],REJECTED_BY_CONSTRAINT,False,each record: maximize covered original-index identity set; minimize max error on fixed baseline-covered mask,False,False
C-S,cfg-43be70fbb61e9927,20,800,5,65,35,5,False,False,[],REJECTED_BY_CONSTRAINT,False,each record: maximize covered original-index identity set; minimize max error on fixed baseline-covered mask,False,False
C-S,cfg-a44fa1691cdad5d4,45,95,5,65,35,5,False,False,[],REJECTED_BY_CONSTRAINT,False,each record: maximize covered original-index identity set; minimize max error on fixed baseline-covered mask,False,False
C-S,cfg-90310668f6147653,45,200,5,65,35,5,False,False,[],REJECTED_BY_CONSTRAINT,False,each record: maximize covered original-index identity set; minimize max error on fixed baseline-covered mask,False,False
C-S,cfg-7380d059299db45a,45,600,5,65,35,5,False,False,[],REJECTED_BY_CONSTRAINT,False,each record: maximize covered original-index identity set; minimize max error on fixed baseline-covered mask,False,False
C-S,cfg-4ba6fa8d8c11a024,45,800,5,65,35,5,False,False,[],REJECTED_BY_CONSTRAINT,False,each record: maximize covered original-index identity set; minimize max error on fixed baseline-covered mask,False,False
C-S,cfg-56d9babc85c51d64,60,95,5,65,35,5,False,False,[],REJECTED_BY_CONSTRAINT,False,each record: maximize covered original-index identity set; minimize max error on fixed baseline-covered mask,False,False
C-S,cfg-b3034e58a529fd4a,60,200,5,65,35,5,False,False,[],REJECTED_BY_CONSTRAINT,False,each record: maximize covered original-index identity set; minimize max error on fixed baseline-covered mask,False,False
C-S,cfg-060195700887c44a,60,600,5,65,35,5,False,False,[],REJECTED_BY_CONSTRAINT,False,each record: maximize covered original-index identity set; minimize max error on fixed baseline-covered mask,False,False
C-S,cfg-628483ab24c0b6b1,60,800,5,65,35,5,False,False,[],REJECTED_BY_CONSTRAINT,False,each record: maximize covered original-index identity set; minimize max error on fixed baseline-covered mask,False,False
C-S,cfg-1e535c3fe3cc8ae1,30,400,2,0,35,5,True,True,[],SUPPORTED_WITHIN_SCOPE,True,each record: maximize covered original-index identity set; minimize max error on fixed baseline-covered mask,False,False
C-S,cfg-81a89e633001f457,30,400,2,32.5,35,5,True,False,"[""cfg-1e535c3fe3cc8ae1""]",SUPPORTED_WITHIN_SCOPE,False,each record: maximize covered original-index identity set; minimize max error on fixed baseline-covered mask,False,False
C-S,cfg-3096d8e282282635,30,400,2,97.5,35,5,False,False,[],TRADEOFF,False,each record: maximize covered original-index identity set; minimize max error on fixed baseline-covered mask,False,False
C-S,cfg-7b664c0314ac01a9,30,400,2,130,35,5,False,False,[],TRADEOFF,False,each record: maximize covered original-index identity set; minimize max error on fixed baseline-covered mask,False,False
C-S,cfg-a676557c7da6251e,30,400,3,0,35,5,True,False,"[""cfg-1e535c3fe3cc8ae1""]",SUPPORTED_WITHIN_SCOPE,False,each record: maximize covered original-index identity set; minimize max error on fixed baseline-covered mask,False,False
C-S,cfg-901645379df0db06,30,400,3,32.5,35,5,True,False,"[""cfg-1e535c3fe3cc8ae1"",""cfg-81a89e633001f457"",""cfg-a676557c7da6251e""]",SUPPORTED_WITHIN_SCOPE,False,each record: maximize covered original-index identity set; minimize max error on fixed baseline-covered mask,False,False
C-S,cfg-4ad6ba13aaf512f3,30,400,3,97.5,35,5,False,False,[],TRADEOFF,False,each record: maximize covered original-index identity set; minimize max error on fixed baseline-covered mask,False,False
C-S,cfg-b985b9509ecc8ff6,30,400,3,130,35,5,False,False,[],TRADEOFF,False,each record: maximize covered original-index identity set; minimize max error on fixed baseline-covered mask,False,False
C-S,cfg-7de891c7d65fc173,30,400,7,0,35,5,False,False,[],TRADEOFF,False,each record: maximize covered original-index identity set; minimize max error on fixed baseline-covered mask,False,False
C-S,cfg-9d355d795468065c,30,400,7,32.5,35,5,False,False,[],TRADEOFF,False,each record: maximize covered original-index identity set; minimize max error on fixed baseline-covered mask,False,False
C-S,cfg-69a9139380a0edd9,30,400,7,97.5,35,5,False,False,[],TRADEOFF,False,each record: maximize covered original-index identity set; minimize max error on fixed baseline-covered mask,False,False
C-S,cfg-15934b797839150f,30,400,7,130,35,5,False,False,[],TRADEOFF,False,each record: maximize covered original-index identity set; minimize max error on fixed baseline-covered mask,False,False
C-S,cfg-64af02f0e5043228,30,400,10,0,35,5,False,False,[],TRADEOFF,False,each record: maximize covered original-index identity set; minimize max error on fixed baseline-covered mask,False,False
C-S,cfg-00ad40b806af82f6,30,400,10,32.5,35,5,False,False,[],TRADEOFF,False,each record: maximize covered original-index identity set; minimize max error on fixed baseline-covered mask,False,False
C-S,cfg-76a4880c98ee54c6,30,400,10,97.5,35,5,False,False,[],TRADEOFF,False,each record: maximize covered original-index identity set; minimize max error on fixed baseline-covered mask,False,False
C-S,cfg-c19c8952dfd15e20,30,400,10,130,35,5,False,False,[],TRADEOFF,False,each record: maximize covered original-index identity set; minimize max error on fixed baseline-covered mask,False,False
C-D,cfg-b15b8281b73592fb,30,400,5,65,35,5,True,True,[],NO_DEMONSTRATED_GAIN,True,each record: maximize covered original-index identity set; minimize max error on fixed baseline-covered mask,False,False
C-D,cfg-6b37e535e1ea2046,30,400,5,65,15,5,False,False,[],TRADEOFF,False,each record: maximize covered original-index identity set; minimize max error on fixed baseline-covered mask,False,False
C-D,cfg-893931df60c3d3d6,30,400,5,65,25,5,False,False,[],TRADEOFF,False,each record: maximize covered original-index identity set; minimize max error on fixed baseline-covered mask,False,False
C-D,cfg-24646b7acfafee8e,30,400,5,65,45,5,False,False,[],TRADEOFF,False,each record: maximize covered original-index identity set; minimize max error on fixed baseline-covered mask,False,False
C-D,cfg-a5483ca9cb883a91,30,400,5,65,60,5,False,False,[],TRADEOFF,False,each record: maximize covered original-index identity set; minimize max error on fixed baseline-covered mask,False,False
C-P,cfg-b15b8281b73592fb,30,400,5,65,35,5,True,True,[],NO_DEMONSTRATED_GAIN,True,"each record: minimize immediate P output points and actual P max error; same P reference, fixed 5-work-metre budget",False,False
C-P,cfg-b64eb945a846910c,30,400,5,65,35,0,True,True,[],NO_DEMONSTRATED_GAIN,False,"each record: minimize immediate P output points and actual P max error; same P reference, fixed 5-work-metre budget",False,False
C-P,cfg-59d5d0c23b67d172,30,400,5,65,35,0.5,True,True,[],NO_DEMONSTRATED_GAIN,False,"each record: minimize immediate P output points and actual P max error; same P reference, fixed 5-work-metre budget",False,False
C-P,cfg-322e68540606f046,30,400,5,65,35,1,True,True,[],NO_DEMONSTRATED_GAIN,False,"each record: minimize immediate P output points and actual P max error; same P reference, fixed 5-work-metre budget",False,False
C-P,cfg-df6f00206fb03678,30,400,5,65,35,2,True,True,[],NO_DEMONSTRATED_GAIN,False,"each record: minimize immediate P output points and actual P max error; same P reference, fixed 5-work-metre budget",False,False
C-P,cfg-65d9f66c5a9b483a,30,400,5,65,35,10,False,False,[],REJECTED_BY_CONSTRAINT,False,"each record: minimize immediate P output points and actual P max error; same P reference, fixed 5-work-metre budget",False,False
C-P,cfg-e8ff0df5800d5c3b,30,400,5,65,35,20,False,False,[],REJECTED_BY_CONSTRAINT,False,"each record: minimize immediate P output points and actual P max error; same P reference, fixed 5-work-metre budget",False,False
