partition,episode,record_id,without_memory_initial_parameters,with_memory_initial_parameters,initial_proposal_changed,comparison_reason,selected_parameters_changed,without_memory_selected,with_memory_selected,memory_delivered_rounds,memory_cited_rounds,memory_action_consistent_rounds,causal_benefit_proven,interpretation
DEVELOPMENT,1,10232,"[{""dt"":30,""distance"":400,""min_points"":5,""min_length"":65,""direction"":35,""dp"":2}]","[{""dt"":30,""distance"":400,""min_points"":5,""min_length"":65,""direction"":60,""dp"":5}]",True,,False,"{""dt"":30,""distance"":400,""min_points"":5,""min_length"":65,""direction"":35,""dp"":5}","{""dt"":30,""distance"":400,""min_points"":5,""min_length"":65,""direction"":35,""dp"":5}",3,0,0,False,Independent model episodes with equal registered conditions; a changed suggestion or citation is not isolated evidence of memory benefit
DEVELOPMENT,1,1076,"[{""dt"":30,""distance"":400,""min_points"":5,""min_length"":65,""direction"":35,""dp"":2}]","[{""dt"":30,""distance"":400,""min_points"":2,""min_length"":65,""direction"":35,""dp"":5}]",True,,True,"{""dt"":30,""distance"":400,""min_points"":2,""min_length"":0,""direction"":35,""dp"":2}","{""dt"":30,""distance"":400,""min_points"":2,""min_length"":65,""direction"":35,""dp"":5}",2,1,1,False,Independent model episodes with equal registered conditions; a changed suggestion or citation is not isolated evidence of memory benefit
DEVELOPMENT,1,10796,"[{""dt"":30,""distance"":400,""min_points"":5,""min_length"":0,""direction"":35,""dp"":5}]","[{""dt"":30,""distance"":400,""min_points"":5,""min_length"":0,""direction"":35,""dp"":5}]",False,,False,"{""dt"":30,""distance"":400,""min_points"":5,""min_length"":0,""direction"":35,""dp"":5}","{""dt"":30,""distance"":400,""min_points"":5,""min_length"":0,""direction"":35,""dp"":5}",2,0,0,False,Independent model episodes with equal registered conditions; a changed suggestion or citation is not isolated evidence of memory benefit
DEVELOPMENT,1,11326,"[{""dt"":30,""distance"":400,""min_points"":2,""min_length"":0,""direction"":35,""dp"":5}]","[{""dt"":30,""distance"":400,""min_points"":2,""min_length"":65,""direction"":35,""dp"":5}]",True,,True,"{""dt"":30,""distance"":400,""min_points"":5,""min_length"":65,""direction"":35,""dp"":5}","{""dt"":30,""distance"":400,""min_points"":2,""min_length"":65,""direction"":60,""dp"":2}",3,0,0,False,Independent model episodes with equal registered conditions; a changed suggestion or citation is not isolated evidence of memory benefit
DEVELOPMENT,1,11355,"[{""dt"":30,""distance"":400,""min_points"":2,""min_length"":0,""direction"":35,""dp"":5}]","[{""dt"":30,""distance"":400,""min_points"":5,""min_length"":65,""direction"":60,""dp"":5}]",True,,False,"{""dt"":30,""distance"":400,""min_points"":5,""min_length"":65,""direction"":35,""dp"":5}","{""dt"":30,""distance"":400,""min_points"":5,""min_length"":65,""direction"":35,""dp"":5}",3,1,1,False,Independent model episodes with equal registered conditions; a changed suggestion or citation is not isolated evidence of memory benefit
DEVELOPMENT,1,2069,"[{""dt"":30,""distance"":400,""min_points"":5,""min_length"":65,""direction"":35,""dp"":2}]","[{""dt"":30,""distance"":400,""min_points"":5,""min_length"":65,""direction"":60,""dp"":5}]",True,,True,"{""dt"":30,""distance"":400,""min_points"":5,""min_length"":65,""direction"":35,""dp"":5}","{""dt"":30,""distance"":400,""min_points"":5,""min_length"":65,""direction"":60,""dp"":0}",3,1,1,False,Independent model episodes with equal registered conditions; a changed suggestion or citation is not isolated evidence of memory benefit
DEVELOPMENT,1,217,"[{""dt"":30,""distance"":400,""min_points"":5,""min_length"":0,""direction"":35,""dp"":5}]","[{""dt"":30,""distance"":400,""min_points"":5,""min_length"":0,""direction"":35,""dp"":5}]",False,,False,"{""dt"":30,""distance"":400,""min_points"":5,""min_length"":0,""direction"":35,""dp"":5}","{""dt"":30,""distance"":400,""min_points"":5,""min_length"":0,""direction"":35,""dp"":5}",2,1,1,False,Independent model episodes with equal registered conditions; a changed suggestion or citation is not isolated evidence of memory benefit
DEVELOPMENT,1,2759,"[{""dt"":30,""distance"":400,""min_points"":5,""min_length"":65,""direction"":35,""dp"":2}]","[{""dt"":30,""distance"":400,""min_points"":5,""min_length"":65,""direction"":60,""dp"":5}]",True,,False,"{""dt"":30,""distance"":400,""min_points"":5,""min_length"":65,""direction"":35,""dp"":5}","{""dt"":30,""distance"":400,""min_points"":5,""min_length"":65,""direction"":35,""dp"":5}",2,1,0,False,Independent model episodes with equal registered conditions; a changed suggestion or citation is not isolated evidence of memory benefit
DEVELOPMENT,1,3357,"[{""dt"":30,""distance"":400,""min_points"":2,""min_length"":0,""direction"":35,""dp"":5}]","[{""dt"":30,""distance"":400,""min_points"":5,""min_length"":65,""direction"":60,""dp"":5}]",True,,True,"{""dt"":30,""distance"":400,""min_points"":2,""min_length"":0,""direction"":60,""dp"":0}","{""dt"":30,""distance"":400,""min_points"":2,""min_length"":0,""direction"":60,""dp"":2}",3,1,1,False,Independent model episodes with equal registered conditions; a changed suggestion or citation is not isolated evidence of memory benefit
DEVELOPMENT,1,4732,"[{""dt"":30,""distance"":400,""min_points"":5,""min_length"":0,""direction"":35,""dp"":5}]","[{""dt"":30,""distance"":400,""min_points"":5,""min_length"":0,""direction"":35,""dp"":5}]",False,,False,"{""dt"":30,""distance"":400,""min_points"":5,""min_length"":0,""direction"":35,""dp"":5}","{""dt"":30,""distance"":400,""min_points"":5,""min_length"":0,""direction"":35,""dp"":5}",2,1,1,False,Independent model episodes with equal registered conditions; a changed suggestion or citation is not isolated evidence of memory benefit
DEVELOPMENT,1,4805,"[{""dt"":30,""distance"":400,""min_points"":5,""min_length"":0,""direction"":35,""dp"":5}]","[{""dt"":30,""distance"":400,""min_points"":5,""min_length"":0,""direction"":35,""dp"":5}]",False,,False,"{""dt"":30,""distance"":400,""min_points"":5,""min_length"":0,""direction"":35,""dp"":5}","{""dt"":30,""distance"":400,""min_points"":5,""min_length"":0,""direction"":35,""dp"":5}",2,1,1,False,Independent model episodes with equal registered conditions; a changed suggestion or citation is not isolated evidence of memory benefit
DEVELOPMENT,1,4953,"[{""dt"":30,""distance"":400,""min_points"":5,""min_length"":65,""direction"":35,""dp"":2}]","[{""dt"":30,""distance"":400,""min_points"":5,""min_length"":65,""direction"":60,""dp"":5}]",True,,True,"{""dt"":30,""distance"":400,""min_points"":5,""min_length"":65,""direction"":45,""dp"":0}","{""dt"":30,""distance"":400,""min_points"":5,""min_length"":65,""direction"":60,""dp"":0}",3,0,0,False,Independent model episodes with equal registered conditions; a changed suggestion or citation is not isolated evidence of memory benefit
DEVELOPMENT,1,5027,"[{""dt"":30,""distance"":400,""min_points"":5,""min_length"":65,""direction"":35,""dp"":2}]","[{""dt"":30,""distance"":400,""min_points"":5,""min_length"":65,""direction"":60,""dp"":5}]",True,,True,"{""dt"":30,""distance"":400,""min_points"":2,""min_length"":0,""direction"":60,""dp"":5}","{""dt"":30,""distance"":400,""min_points"":2,""min_length"":0,""direction"":60,""dp"":0}",3,1,0,False,Independent model episodes with equal registered conditions; a changed suggestion or citation is not isolated evidence of memory benefit
DEVELOPMENT,1,5029,"[{""dt"":30,""distance"":400,""min_points"":5,""min_length"":0,""direction"":35,""dp"":5}]","[{""dt"":30,""distance"":400,""min_points"":5,""min_length"":0,""direction"":35,""dp"":5}]",False,,True,"{""dt"":30,""distance"":400,""min_points"":5,""min_length"":65,""direction"":35,""dp"":5}","{""dt"":30,""distance"":400,""min_points"":3,""min_length"":0,""direction"":35,""dp"":5}",3,1,1,False,Independent model episodes with equal registered conditions; a changed suggestion or citation is not isolated evidence of memory benefit
DEVELOPMENT,1,5049,"[{""dt"":30,""distance"":400,""min_points"":2,""min_length"":0,""direction"":35,""dp"":5}]","[{""dt"":30,""distance"":400,""min_points"":5,""min_length"":65,""direction"":60,""dp"":5}]",True,,False,"{""dt"":30,""distance"":400,""min_points"":5,""min_length"":65,""direction"":35,""dp"":5}","{""dt"":30,""distance"":400,""min_points"":5,""min_length"":65,""direction"":35,""dp"":5}",2,1,1,False,Independent model episodes with equal registered conditions; a changed suggestion or citation is not isolated evidence of memory benefit
DEVELOPMENT,1,5256,"[{""dt"":30,""distance"":400,""min_points"":5,""min_length"":65,""direction"":35,""dp"":2}]","[{""dt"":30,""distance"":400,""min_points"":5,""min_length"":65,""direction"":60,""dp"":5}]",True,,True,"{""dt"":30,""distance"":400,""min_points"":5,""min_length"":65,""direction"":45,""dp"":2}","{""dt"":30,""distance"":400,""min_points"":5,""min_length"":65,""direction"":60,""dp"":5}",2,1,0,False,Independent model episodes with equal registered conditions; a changed suggestion or citation is not isolated evidence of memory benefit
DEVELOPMENT,1,6556,"[{""dt"":30,""distance"":400,""min_points"":5,""min_length"":0,""direction"":35,""dp"":5}]","[{""dt"":30,""distance"":400,""min_points"":5,""min_length"":0,""direction"":35,""dp"":5}]",False,,False,"{""dt"":30,""distance"":400,""min_points"":5,""min_length"":0,""direction"":35,""dp"":5}","{""dt"":30,""distance"":400,""min_points"":5,""min_length"":0,""direction"":35,""dp"":5}",2,0,0,False,Independent model episodes with equal registered conditions; a changed suggestion or citation is not isolated evidence of memory benefit
DEVELOPMENT,1,7186,"[{""dt"":30,""distance"":400,""min_points"":5,""min_length"":65,""direction"":35,""dp"":2}]","[{""dt"":30,""distance"":400,""min_points"":5,""min_length"":65,""direction"":60,""dp"":5}]",True,,False,"{""dt"":30,""distance"":400,""min_points"":5,""min_length"":65,""direction"":35,""dp"":5}","{""dt"":30,""distance"":400,""min_points"":5,""min_length"":65,""direction"":35,""dp"":5}",2,1,0,False,Independent model episodes with equal registered conditions; a changed suggestion or citation is not isolated evidence of memory benefit
DEVELOPMENT,1,7764,"[{""dt"":30,""distance"":400,""min_points"":5,""min_length"":65,""direction"":35,""dp"":2}]","[{""dt"":30,""distance"":400,""min_points"":5,""min_length"":65,""direction"":60,""dp"":5}]",True,,True,"{""dt"":20,""distance"":400,""min_points"":2,""min_length"":0,""direction"":60,""dp"":2}","{""dt"":30,""distance"":400,""min_points"":5,""min_length"":65,""direction"":35,""dp"":5}",3,0,0,False,Independent model episodes with equal registered conditions; a changed suggestion or citation is not isolated evidence of memory benefit
DEVELOPMENT,1,82,"[{""dt"":30,""distance"":400,""min_points"":5,""min_length"":65,""direction"":35,""dp"":2}]","[{""dt"":30,""distance"":400,""min_points"":5,""min_length"":65,""direction"":60,""dp"":5}]",True,,True,"{""dt"":30,""distance"":400,""min_points"":5,""min_length"":65,""direction"":60,""dp"":0}","{""dt"":30,""distance"":400,""min_points"":5,""min_length"":65,""direction"":35,""dp"":5}",3,0,0,False,Independent model episodes with equal registered conditions; a changed suggestion or citation is not isolated evidence of memory benefit
DEVELOPMENT,1,9056,"[{""dt"":30,""distance"":400,""min_points"":5,""min_length"":0,""direction"":35,""dp"":5}]","[{""dt"":30,""distance"":400,""min_points"":5,""min_length"":0,""direction"":35,""dp"":5}]",False,,False,"{""dt"":30,""distance"":400,""min_points"":5,""min_length"":0,""direction"":35,""dp"":5}","{""dt"":30,""distance"":400,""min_points"":5,""min_length"":0,""direction"":35,""dp"":5}",2,1,1,False,Independent model episodes with equal registered conditions; a changed suggestion or citation is not isolated evidence of memory benefit
DEVELOPMENT,1,9613,"[{""dt"":30,""distance"":400,""min_points"":2,""min_length"":0,""direction"":35,""dp"":5}]","[{""dt"":30,""distance"":400,""min_points"":2,""min_length"":65,""direction"":35,""dp"":5}]",True,,True,"{""dt"":30,""distance"":400,""min_points"":2,""min_length"":0,""direction"":35,""dp"":0}","{""dt"":30,""distance"":400,""min_points"":2,""min_length"":65,""direction"":35,""dp"":0}",3,1,1,False,Independent model episodes with equal registered conditions; a changed suggestion or citation is not isolated evidence of memory benefit
DEVELOPMENT,1,9729,"[{""dt"":30,""distance"":400,""min_points"":5,""min_length"":0,""direction"":35,""dp"":5}]","[{""dt"":30,""distance"":400,""min_points"":5,""min_length"":0,""direction"":35,""dp"":5}]",False,,False,"{""dt"":30,""distance"":400,""min_points"":5,""min_length"":0,""direction"":35,""dp"":5}","{""dt"":30,""distance"":400,""min_points"":5,""min_length"":0,""direction"":35,""dp"":5}",2,1,1,False,Independent model episodes with equal registered conditions; a changed suggestion or citation is not isolated evidence of memory benefit
DEVELOPMENT,1,9779,"[{""dt"":30,""distance"":400,""min_points"":5,""min_length"":65,""direction"":35,""dp"":2}]","[{""dt"":30,""distance"":400,""min_points"":5,""min_length"":65,""direction"":60,""dp"":5}]",True,,False,"{""dt"":30,""distance"":400,""min_points"":5,""min_length"":65,""direction"":60,""dp"":0}","{""dt"":30,""distance"":400,""min_points"":5,""min_length"":65,""direction"":60,""dp"":0}",3,1,1,False,Independent model episodes with equal registered conditions; a changed suggestion or citation is not isolated evidence of memory benefit
G2_EVAL,1,10003,"[{""dt"":30,""distance"":400,""min_points"":5,""min_length"":65,""direction"":35,""dp"":2}]","[{""dt"":30,""distance"":400,""min_points"":5,""min_length"":65,""direction"":60,""dp"":5}]",True,,True,"{""dt"":30,""distance"":400,""min_points"":5,""min_length"":65,""direction"":60,""dp"":0}","{""dt"":30,""distance"":400,""min_points"":5,""min_length"":65,""direction"":60,""dp"":5}",2,1,1,False,Independent model episodes with equal registered conditions; a changed suggestion or citation is not isolated evidence of memory benefit
G2_EVAL,1,10927,"[{""dt"":30,""distance"":400,""min_points"":5,""min_length"":65,""direction"":35,""dp"":2}]","[{""dt"":30,""distance"":400,""min_points"":5,""min_length"":65,""direction"":35,""dp"":10}]",True,,True,"{""dt"":30,""distance"":400,""min_points"":5,""min_length"":65,""direction"":45,""dp"":2}","{""dt"":30,""distance"":400,""min_points"":5,""min_length"":65,""direction"":60,""dp"":2}",3,1,0,False,Independent model episodes with equal registered conditions; a changed suggestion or citation is not isolated evidence of memory benefit
G2_EVAL,1,11148,"[{""dt"":30,""distance"":400,""min_points"":5,""min_length"":65,""direction"":35,""dp"":2}]","[{""dt"":30,""distance"":400,""min_points"":5,""min_length"":65,""direction"":60,""dp"":5}]",True,,False,"{""dt"":30,""distance"":400,""min_points"":5,""min_length"":65,""direction"":35,""dp"":5}","{""dt"":30,""distance"":400,""min_points"":5,""min_length"":65,""direction"":35,""dp"":5}",3,0,0,False,Independent model episodes with equal registered conditions; a changed suggestion or citation is not isolated evidence of memory benefit
G2_EVAL,1,1880,"[{""dt"":30,""distance"":400,""min_points"":2,""min_length"":0,""direction"":35,""dp"":5}]","[{""dt"":30,""distance"":400,""min_points"":5,""min_length"":65,""direction"":60,""dp"":5}]",True,,True,"{""dt"":30,""distance"":400,""min_points"":2,""min_length"":0,""direction"":45,""dp"":2}","{""dt"":30,""distance"":400,""min_points"":2,""min_length"":0,""direction"":60,""dp"":2}",3,1,1,False,Independent model episodes with equal registered conditions; a changed suggestion or citation is not isolated evidence of memory benefit
G2_EVAL,1,1887,"[{""dt"":30,""distance"":400,""min_points"":2,""min_length"":65,""direction"":35,""dp"":5}]","[{""dt"":30,""distance"":400,""min_points"":2,""min_length"":65,""direction"":35,""dp"":5}]",False,,False,"{""dt"":30,""distance"":400,""min_points"":2,""min_length"":65,""direction"":35,""dp"":5}","{""dt"":30,""distance"":400,""min_points"":2,""min_length"":65,""direction"":35,""dp"":5}",2,1,1,False,Independent model episodes with equal registered conditions; a changed suggestion or citation is not isolated evidence of memory benefit
G2_EVAL,1,2064,"[{""dt"":30,""distance"":400,""min_points"":2,""min_length"":65,""direction"":35,""dp"":5}]","[{""dt"":30,""distance"":400,""min_points"":2,""min_length"":65,""direction"":35,""dp"":5}]",False,,True,"{""dt"":30,""distance"":400,""min_points"":5,""min_length"":65,""direction"":60,""dp"":0}","{""dt"":30,""distance"":400,""min_points"":5,""min_length"":65,""direction"":45,""dp"":0}",3,0,0,False,Independent model episodes with equal registered conditions; a changed suggestion or citation is not isolated evidence of memory benefit
G2_EVAL,1,2225,"[{""dt"":30,""distance"":400,""min_points"":5,""min_length"":65,""direction"":35,""dp"":2}]","[{""dt"":30,""distance"":400,""min_points"":5,""min_length"":65,""direction"":60,""dp"":5}]",True,,False,"{""dt"":30,""distance"":400,""min_points"":5,""min_length"":65,""direction"":35,""dp"":5}","{""dt"":30,""distance"":400,""min_points"":5,""min_length"":65,""direction"":35,""dp"":5}",2,1,1,False,Independent model episodes with equal registered conditions; a changed suggestion or citation is not isolated evidence of memory benefit
G2_EVAL,1,2297,"[{""dt"":30,""distance"":400,""min_points"":2,""min_length"":0,""direction"":35,""dp"":5}]","[{""dt"":30,""distance"":400,""min_points"":5,""min_length"":65,""direction"":60,""dp"":5}]",True,,False,"{""dt"":30,""distance"":400,""min_points"":5,""min_length"":65,""direction"":35,""dp"":5}","{""dt"":30,""distance"":400,""min_points"":5,""min_length"":65,""direction"":35,""dp"":5}",2,1,0,False,Independent model episodes with equal registered conditions; a changed suggestion or citation is not isolated evidence of memory benefit
G2_EVAL,1,33,"[{""dt"":30,""distance"":400,""min_points"":5,""min_length"":0,""direction"":35,""dp"":5}]","[{""dt"":30,""distance"":400,""min_points"":5,""min_length"":65,""direction"":35,""dp"":10}]",True,,False,"{""dt"":30,""distance"":400,""min_points"":5,""min_length"":65,""direction"":35,""dp"":5}","{""dt"":30,""distance"":400,""min_points"":5,""min_length"":65,""direction"":35,""dp"":5}",3,0,0,False,Independent model episodes with equal registered conditions; a changed suggestion or citation is not isolated evidence of memory benefit
G2_EVAL,1,3371,"[{""dt"":30,""distance"":400,""min_points"":5,""min_length"":65,""direction"":35,""dp"":2}]","[{""dt"":30,""distance"":400,""min_points"":5,""min_length"":65,""direction"":35,""dp"":10}]",True,,True,"{""dt"":30,""distance"":400,""min_points"":5,""min_length"":65,""direction"":60,""dp"":0.5}","{""dt"":30,""distance"":400,""min_points"":5,""min_length"":65,""direction"":60,""dp"":0}",3,0,0,False,Independent model episodes with equal registered conditions; a changed suggestion or citation is not isolated evidence of memory benefit
G2_EVAL,1,3420,"[{""dt"":30,""distance"":400,""min_points"":5,""min_length"":65,""direction"":35,""dp"":2}]","[{""dt"":30,""distance"":400,""min_points"":5,""min_length"":65,""direction"":60,""dp"":5}]",True,,False,"{""dt"":30,""distance"":400,""min_points"":5,""min_length"":65,""direction"":35,""dp"":5}","{""dt"":30,""distance"":400,""min_points"":5,""min_length"":65,""direction"":35,""dp"":5}",3,0,0,False,Independent model episodes with equal registered conditions; a changed suggestion or citation is not isolated evidence of memory benefit
G2_EVAL,1,43,"[{""dt"":30,""distance"":400,""min_points"":5,""min_length"":0,""direction"":35,""dp"":5}]","[{""dt"":30,""distance"":400,""min_points"":5,""min_length"":0,""direction"":35,""dp"":5}]",False,,False,"{""dt"":30,""distance"":400,""min_points"":5,""min_length"":0,""direction"":35,""dp"":5}","{""dt"":30,""distance"":400,""min_points"":5,""min_length"":0,""direction"":35,""dp"":5}",2,1,1,False,Independent model episodes with equal registered conditions; a changed suggestion or citation is not isolated evidence of memory benefit
G2_EVAL,1,588,"[{""dt"":30,""distance"":400,""min_points"":5,""min_length"":65,""direction"":35,""dp"":2}]","[{""dt"":30,""distance"":400,""min_points"":5,""min_length"":65,""direction"":60,""dp"":5}]",True,,True,"{""dt"":30,""distance"":400,""min_points"":5,""min_length"":65,""direction"":60,""dp"":0}","{""dt"":30,""distance"":400,""min_points"":5,""min_length"":65,""direction"":60,""dp"":5}",2,1,1,False,Independent model episodes with equal registered conditions; a changed suggestion or citation is not isolated evidence of memory benefit
G2_EVAL,1,7137,"[{""dt"":30,""distance"":400,""min_points"":5,""min_length"":0,""direction"":35,""dp"":5}]","[{""dt"":30,""distance"":400,""min_points"":5,""min_length"":0,""direction"":35,""dp"":5}]",False,,False,"{""dt"":30,""distance"":400,""min_points"":5,""min_length"":0,""direction"":35,""dp"":5}","{""dt"":30,""distance"":400,""min_points"":5,""min_length"":0,""direction"":35,""dp"":5}",2,1,1,False,Independent model episodes with equal registered conditions; a changed suggestion or citation is not isolated evidence of memory benefit
G2_EVAL,1,7253,"[{""dt"":30,""distance"":400,""min_points"":5,""min_length"":65,""direction"":35,""dp"":2}]","[{""dt"":30,""distance"":400,""min_points"":5,""min_length"":65,""direction"":60,""dp"":5}]",True,,True,"{""dt"":30,""distance"":400,""min_points"":5,""min_length"":65,""direction"":60,""dp"":0}","{""dt"":30,""distance"":400,""min_points"":5,""min_length"":65,""direction"":60,""dp"":5}",2,0,0,False,Independent model episodes with equal registered conditions; a changed suggestion or citation is not isolated evidence of memory benefit
G2_EVAL,1,7270,"[{""dt"":30,""distance"":400,""min_points"":5,""min_length"":65,""direction"":35,""dp"":2}]","[{""dt"":30,""distance"":400,""min_points"":5,""min_length"":65,""direction"":35,""dp"":10}]",True,,False,"{""dt"":30,""distance"":400,""min_points"":5,""min_length"":65,""direction"":35,""dp"":5}","{""dt"":30,""distance"":400,""min_points"":5,""min_length"":65,""direction"":35,""dp"":5}",3,0,0,False,Independent model episodes with equal registered conditions; a changed suggestion or citation is not isolated evidence of memory benefit
G2_EVAL,1,7711,"[{""dt"":30,""distance"":400,""min_points"":5,""min_length"":0,""direction"":35,""dp"":5}]","[{""dt"":30,""distance"":400,""min_points"":5,""min_length"":0,""direction"":35,""dp"":5}]",False,,False,"{""dt"":30,""distance"":400,""min_points"":5,""min_length"":0,""direction"":35,""dp"":5}","{""dt"":30,""distance"":400,""min_points"":5,""min_length"":0,""direction"":35,""dp"":5}",2,1,1,False,Independent model episodes with equal registered conditions; a changed suggestion or citation is not isolated evidence of memory benefit
G2_EVAL,1,8424,"[{""dt"":30,""distance"":400,""min_points"":5,""min_length"":65,""direction"":35,""dp"":2}]","[{""dt"":30,""distance"":400,""min_points"":5,""min_length"":65,""direction"":60,""dp"":5}]",True,,True,"{""dt"":30,""distance"":400,""min_points"":5,""min_length"":65,""direction"":60,""dp"":0}","{""dt"":30,""distance"":400,""min_points"":5,""min_length"":65,""direction"":60,""dp"":5}",2,1,1,False,Independent model episodes with equal registered conditions; a changed suggestion or citation is not isolated evidence of memory benefit
G2_EVAL,1,8522,"[{""dt"":30,""distance"":400,""min_points"":2,""min_length"":65,""direction"":35,""dp"":5}]","[{""dt"":30,""distance"":400,""min_points"":5,""min_length"":65,""direction"":60,""dp"":5}]",True,,True,"{""dt"":30,""distance"":400,""min_points"":5,""min_length"":65,""direction"":60,""dp"":0}","{""dt"":30,""distance"":400,""min_points"":5,""min_length"":65,""direction"":60,""dp"":5}",2,1,1,False,Independent model episodes with equal registered conditions; a changed suggestion or citation is not isolated evidence of memory benefit
G2_EVAL,1,911,"[{""dt"":30,""distance"":400,""min_points"":5,""min_length"":65,""direction"":35,""dp"":2}]","[{""dt"":30,""distance"":400,""min_points"":2,""min_length"":0,""direction"":35,""dp"":5}]",True,,False,"{""dt"":30,""distance"":400,""min_points"":5,""min_length"":65,""direction"":35,""dp"":5}","{""dt"":30,""distance"":400,""min_points"":5,""min_length"":65,""direction"":35,""dp"":5}",3,0,0,False,Independent model episodes with equal registered conditions; a changed suggestion or citation is not isolated evidence of memory benefit
G2_EVAL,1,9296,"[{""dt"":30,""distance"":400,""min_points"":5,""min_length"":0,""direction"":35,""dp"":5}]","[{""dt"":30,""distance"":400,""min_points"":5,""min_length"":0,""direction"":35,""dp"":5}]",False,,False,"{""dt"":30,""distance"":400,""min_points"":5,""min_length"":0,""direction"":35,""dp"":5}","{""dt"":30,""distance"":400,""min_points"":5,""min_length"":0,""direction"":35,""dp"":5}",2,1,1,False,Independent model episodes with equal registered conditions; a changed suggestion or citation is not isolated evidence of memory benefit
G2_EVAL,1,955,"[{""dt"":30,""distance"":400,""min_points"":5,""min_length"":65,""direction"":35,""dp"":2}]","[{""dt"":30,""distance"":400,""min_points"":5,""min_length"":65,""direction"":60,""dp"":5}]",True,,False,"{""dt"":30,""distance"":400,""min_points"":5,""min_length"":65,""direction"":35,""dp"":5}","{""dt"":30,""distance"":400,""min_points"":5,""min_length"":65,""direction"":35,""dp"":5}",3,0,0,False,Independent model episodes with equal registered conditions; a changed suggestion or citation is not isolated evidence of memory benefit
G2_EVAL,1,9673,"[{""dt"":30,""distance"":400,""min_points"":2,""min_length"":0,""direction"":35,""dp"":5}]","[{""dt"":30,""distance"":400,""min_points"":5,""min_length"":65,""direction"":60,""dp"":5}]",True,,True,"{""dt"":30,""distance"":400,""min_points"":5,""min_length"":65,""direction"":45,""dp"":0}","{""dt"":30,""distance"":400,""min_points"":5,""min_length"":65,""direction"":60,""dp"":5}",2,1,0,False,Independent model episodes with equal registered conditions; a changed suggestion or citation is not isolated evidence of memory benefit
G2_EVAL,1,9709,"[{""dt"":30,""distance"":400,""min_points"":5,""min_length"":0,""direction"":35,""dp"":5}]","[{""dt"":30,""distance"":400,""min_points"":5,""min_length"":0,""direction"":35,""dp"":5}]",False,,False,"{""dt"":30,""distance"":400,""min_points"":5,""min_length"":0,""direction"":35,""dp"":5}","{""dt"":30,""distance"":400,""min_points"":5,""min_length"":0,""direction"":35,""dp"":5}",2,1,1,False,Independent model episodes with equal registered conditions; a changed suggestion or citation is not isolated evidence of memory benefit
G2_EVAL,2,10003,"[{""dt"":30,""distance"":400,""min_points"":5,""min_length"":65,""direction"":35,""dp"":10}]","[{""dt"":30,""distance"":400,""min_points"":5,""min_length"":65,""direction"":60,""dp"":5}]",True,,False,"{""dt"":30,""distance"":400,""min_points"":5,""min_length"":65,""direction"":60,""dp"":0}","{""dt"":30,""distance"":400,""min_points"":5,""min_length"":65,""direction"":60,""dp"":0}",3,1,1,False,Independent model episodes with equal registered conditions; a changed suggestion or citation is not isolated evidence of memory benefit
G2_EVAL,2,10927,"[{""dt"":30,""distance"":400,""min_points"":5,""min_length"":65,""direction"":35,""dp"":2}]","[{""dt"":30,""distance"":400,""min_points"":5,""min_length"":65,""direction"":35,""dp"":2}]",False,,True,"{""dt"":30,""distance"":400,""min_points"":5,""min_length"":65,""direction"":45,""dp"":2}","{""dt"":30,""distance"":400,""min_points"":5,""min_length"":65,""direction"":60,""dp"":2}",3,1,0,False,Independent model episodes with equal registered conditions; a changed suggestion or citation is not isolated evidence of memory benefit
G2_EVAL,2,11148,"[{""dt"":30,""distance"":400,""min_points"":5,""min_length"":65,""direction"":35,""dp"":10}]","[{""dt"":30,""distance"":400,""min_points"":5,""min_length"":65,""direction"":60,""dp"":5}]",True,,False,"{""dt"":30,""distance"":400,""min_points"":5,""min_length"":65,""direction"":35,""dp"":5}","{""dt"":30,""distance"":400,""min_points"":5,""min_length"":65,""direction"":35,""dp"":5}",3,0,0,False,Independent model episodes with equal registered conditions; a changed suggestion or citation is not isolated evidence of memory benefit
G2_EVAL,2,1880,"[{""dt"":30,""distance"":400,""min_points"":5,""min_length"":65,""direction"":35,""dp"":2}]","[{""dt"":30,""distance"":400,""min_points"":5,""min_length"":65,""direction"":60,""dp"":5}]",True,,True,"{""dt"":30,""distance"":400,""min_points"":2,""min_length"":0,""direction"":45,""dp"":5}","{""dt"":30,""distance"":400,""min_points"":2,""min_length"":0,""direction"":60,""dp"":2}",3,1,1,False,Independent model episodes with equal registered conditions; a changed suggestion or citation is not isolated evidence of memory benefit
G2_EVAL,2,1887,"[{""dt"":30,""distance"":400,""min_points"":5,""min_length"":65,""direction"":35,""dp"":10}]","[{""dt"":30,""distance"":400,""min_points"":2,""min_length"":65,""direction"":35,""dp"":5}]",True,,True,"{""dt"":30,""distance"":400,""min_points"":2,""min_length"":0,""direction"":35,""dp"":0}","{""dt"":30,""distance"":400,""min_points"":2,""min_length"":65,""direction"":35,""dp"":0}",3,1,1,False,Independent model episodes with equal registered conditions; a changed suggestion or citation is not isolated evidence of memory benefit
G2_EVAL,2,2064,"[{""dt"":30,""distance"":400,""min_points"":5,""min_length"":65,""direction"":35,""dp"":10}]","[{""dt"":30,""distance"":400,""min_points"":2,""min_length"":65,""direction"":35,""dp"":5}]",True,,False,"{""dt"":30,""distance"":400,""min_points"":5,""min_length"":65,""direction"":45,""dp"":0}","{""dt"":30,""distance"":400,""min_points"":5,""min_length"":65,""direction"":45,""dp"":0}",3,0,0,False,Independent model episodes with equal registered conditions; a changed suggestion or citation is not isolated evidence of memory benefit
G2_EVAL,2,2225,"[{""dt"":30,""distance"":400,""min_points"":5,""min_length"":65,""direction"":35,""dp"":10}]","[{""dt"":30,""distance"":400,""min_points"":5,""min_length"":65,""direction"":60,""dp"":5}]",True,,False,"{""dt"":30,""distance"":400,""min_points"":5,""min_length"":65,""direction"":35,""dp"":5}","{""dt"":30,""distance"":400,""min_points"":5,""min_length"":65,""direction"":35,""dp"":5}",2,1,1,False,Independent model episodes with equal registered conditions; a changed suggestion or citation is not isolated evidence of memory benefit
G2_EVAL,2,2297,"[{""dt"":30,""distance"":400,""min_points"":5,""min_length"":65,""direction"":35,""dp"":2}]","[{""dt"":30,""distance"":400,""min_points"":5,""min_length"":65,""direction"":60,""dp"":5}]",True,,False,"{""dt"":30,""distance"":400,""min_points"":5,""min_length"":65,""direction"":35,""dp"":5}","{""dt"":30,""distance"":400,""min_points"":5,""min_length"":65,""direction"":35,""dp"":5}",2,1,0,False,Independent model episodes with equal registered conditions; a changed suggestion or citation is not isolated evidence of memory benefit
G2_EVAL,2,33,"[{""dt"":30,""distance"":400,""min_points"":5,""min_length"":65,""direction"":35,""dp"":2}]","[{""dt"":30,""distance"":400,""min_points"":5,""min_length"":65,""direction"":60,""dp"":5}]",True,,False,"{""dt"":30,""distance"":400,""min_points"":5,""min_length"":65,""direction"":35,""dp"":5}","{""dt"":30,""distance"":400,""min_points"":5,""min_length"":65,""direction"":35,""dp"":5}",2,0,0,False,Independent model episodes with equal registered conditions; a changed suggestion or citation is not isolated evidence of memory benefit
G2_EVAL,2,3371,"[{""dt"":30,""distance"":400,""min_points"":5,""min_length"":65,""direction"":35,""dp"":10}]","[{""dt"":30,""distance"":400,""min_points"":5,""min_length"":65,""direction"":35,""dp"":10}]",False,,False,"{""dt"":30,""distance"":400,""min_points"":5,""min_length"":65,""direction"":35,""dp"":5}","{""dt"":30,""distance"":400,""min_points"":5,""min_length"":65,""direction"":35,""dp"":5}",2,0,0,False,Independent model episodes with equal registered conditions; a changed suggestion or citation is not isolated evidence of memory benefit
G2_EVAL,2,3420,"[{""dt"":30,""distance"":400,""min_points"":5,""min_length"":65,""direction"":35,""dp"":10}]","[{""dt"":30,""distance"":400,""min_points"":2,""min_length"":0,""direction"":35,""dp"":5}]",True,,False,"{""dt"":30,""distance"":400,""min_points"":5,""min_length"":65,""direction"":35,""dp"":5}","{""dt"":30,""distance"":400,""min_points"":5,""min_length"":65,""direction"":35,""dp"":5}",3,0,0,False,Independent model episodes with equal registered conditions; a changed suggestion or citation is not isolated evidence of memory benefit
G2_EVAL,2,43,"[{""dt"":30,""distance"":400,""min_points"":5,""min_length"":0,""direction"":35,""dp"":5}]","[{""dt"":30,""distance"":400,""min_points"":5,""min_length"":0,""direction"":35,""dp"":5}]",False,,False,"{""dt"":30,""distance"":400,""min_points"":5,""min_length"":0,""direction"":35,""dp"":5}","{""dt"":30,""distance"":400,""min_points"":5,""min_length"":0,""direction"":35,""dp"":5}",2,1,1,False,Independent model episodes with equal registered conditions; a changed suggestion or citation is not isolated evidence of memory benefit
G2_EVAL,2,588,"[{""dt"":30,""distance"":400,""min_points"":5,""min_length"":65,""direction"":35,""dp"":10}]","[{""dt"":30,""distance"":400,""min_points"":5,""min_length"":65,""direction"":60,""dp"":5}]",True,,False,"{""dt"":30,""distance"":400,""min_points"":5,""min_length"":65,""direction"":60,""dp"":0}","{""dt"":30,""distance"":400,""min_points"":5,""min_length"":65,""direction"":60,""dp"":0}",3,1,1,False,Independent model episodes with equal registered conditions; a changed suggestion or citation is not isolated evidence of memory benefit
G2_EVAL,2,7137,"[{""dt"":30,""distance"":400,""min_points"":5,""min_length"":0,""direction"":35,""dp"":5}]","[{""dt"":30,""distance"":400,""min_points"":5,""min_length"":0,""direction"":35,""dp"":5}]",False,,False,"{""dt"":30,""distance"":400,""min_points"":5,""min_length"":0,""direction"":35,""dp"":5}","{""dt"":30,""distance"":400,""min_points"":5,""min_length"":0,""direction"":35,""dp"":5}",2,1,1,False,Independent model episodes with equal registered conditions; a changed suggestion or citation is not isolated evidence of memory benefit
G2_EVAL,2,7253,"[{""dt"":30,""distance"":400,""min_points"":5,""min_length"":65,""direction"":35,""dp"":10}]","[{""dt"":30,""distance"":400,""min_points"":5,""min_length"":65,""direction"":60,""dp"":5}]",True,,True,"{""dt"":30,""distance"":400,""min_points"":5,""min_length"":65,""direction"":45,""dp"":0}","{""dt"":30,""distance"":400,""min_points"":5,""min_length"":65,""direction"":60,""dp"":0}",3,1,0,False,Independent model episodes with equal registered conditions; a changed suggestion or citation is not isolated evidence of memory benefit
G2_EVAL,2,7270,"[{""dt"":30,""distance"":400,""min_points"":5,""min_length"":65,""direction"":35,""dp"":10}]","[{""dt"":30,""distance"":400,""min_points"":5,""min_length"":65,""direction"":60,""dp"":5}]",True,,False,"{""dt"":30,""distance"":400,""min_points"":5,""min_length"":65,""direction"":35,""dp"":5}","{""dt"":30,""distance"":400,""min_points"":5,""min_length"":65,""direction"":35,""dp"":5}",2,0,0,False,Independent model episodes with equal registered conditions; a changed suggestion or citation is not isolated evidence of memory benefit
G2_EVAL,2,7711,"[{""dt"":30,""distance"":400,""min_points"":5,""min_length"":0,""direction"":35,""dp"":5}]","[{""dt"":30,""distance"":400,""min_points"":5,""min_length"":0,""direction"":35,""dp"":5}]",False,,False,"{""dt"":30,""distance"":400,""min_points"":5,""min_length"":0,""direction"":35,""dp"":5}","{""dt"":30,""distance"":400,""min_points"":5,""min_length"":0,""direction"":35,""dp"":5}",2,1,1,False,Independent model episodes with equal registered conditions; a changed suggestion or citation is not isolated evidence of memory benefit
G2_EVAL,2,8424,"[{""dt"":30,""distance"":400,""min_points"":5,""min_length"":65,""direction"":35,""dp"":10}]","[{""dt"":30,""distance"":400,""min_points"":5,""min_length"":65,""direction"":60,""dp"":5}]",True,,False,"{""dt"":30,""distance"":400,""min_points"":5,""min_length"":65,""direction"":60,""dp"":0}","{""dt"":30,""distance"":400,""min_points"":5,""min_length"":65,""direction"":60,""dp"":0}",3,1,1,False,Independent model episodes with equal registered conditions; a changed suggestion or citation is not isolated evidence of memory benefit
G2_EVAL,2,8522,"[{""dt"":30,""distance"":400,""min_points"":5,""min_length"":65,""direction"":35,""dp"":10}]","[{""dt"":30,""distance"":400,""min_points"":5,""min_length"":65,""direction"":60,""dp"":5}]",True,,False,"{""dt"":30,""distance"":400,""min_points"":5,""min_length"":65,""direction"":60,""dp"":0}","{""dt"":30,""distance"":400,""min_points"":5,""min_length"":65,""direction"":60,""dp"":0}",3,1,1,False,Independent model episodes with equal registered conditions; a changed suggestion or citation is not isolated evidence of memory benefit
G2_EVAL,2,911,"[{""dt"":30,""distance"":400,""min_points"":5,""min_length"":32.5,""direction"":35,""dp"":5}]","[{""dt"":30,""distance"":400,""min_points"":2,""min_length"":0,""direction"":35,""dp"":5}]",True,,False,"{""dt"":30,""distance"":400,""min_points"":5,""min_length"":65,""direction"":35,""dp"":5}","{""dt"":30,""distance"":400,""min_points"":5,""min_length"":65,""direction"":35,""dp"":5}",3,0,0,False,Independent model episodes with equal registered conditions; a changed suggestion or citation is not isolated evidence of memory benefit
G2_EVAL,2,9296,"[{""dt"":30,""distance"":400,""min_points"":5,""min_length"":0,""direction"":35,""dp"":5}]","[{""dt"":30,""distance"":400,""min_points"":5,""min_length"":0,""direction"":35,""dp"":5}]",False,,False,"{""dt"":30,""distance"":400,""min_points"":5,""min_length"":0,""direction"":35,""dp"":5}","{""dt"":30,""distance"":400,""min_points"":5,""min_length"":0,""direction"":35,""dp"":5}",2,1,1,False,Independent model episodes with equal registered conditions; a changed suggestion or citation is not isolated evidence of memory benefit
G2_EVAL,2,955,"[{""dt"":30,""distance"":400,""min_points"":5,""min_length"":65,""direction"":35,""dp"":10}]","[{""dt"":30,""distance"":400,""min_points"":5,""min_length"":65,""direction"":60,""dp"":5}]",True,,False,"{""dt"":30,""distance"":400,""min_points"":5,""min_length"":65,""direction"":35,""dp"":5}","{""dt"":30,""distance"":400,""min_points"":5,""min_length"":65,""direction"":35,""dp"":5}",2,0,0,False,Independent model episodes with equal registered conditions; a changed suggestion or citation is not isolated evidence of memory benefit
G2_EVAL,2,9673,"[{""dt"":30,""distance"":400,""min_points"":5,""min_length"":65,""direction"":35,""dp"":2}]","[{""dt"":30,""distance"":400,""min_points"":5,""min_length"":65,""direction"":35,""dp"":2}]",False,,True,"{""dt"":30,""distance"":400,""min_points"":5,""min_length"":65,""direction"":45,""dp"":0}","{""dt"":30,""distance"":400,""min_points"":5,""min_length"":65,""direction"":60,""dp"":0}",3,1,0,False,Independent model episodes with equal registered conditions; a changed suggestion or citation is not isolated evidence of memory benefit
G2_EVAL,2,9709,"[{""dt"":30,""distance"":400,""min_points"":5,""min_length"":0,""direction"":35,""dp"":5}]","[{""dt"":30,""distance"":400,""min_points"":5,""min_length"":0,""direction"":35,""dp"":5}]",False,,False,"{""dt"":30,""distance"":400,""min_points"":5,""min_length"":0,""direction"":35,""dp"":5}","{""dt"":30,""distance"":400,""min_points"":5,""min_length"":0,""direction"":35,""dp"":5}",2,1,1,False,Independent model episodes with equal registered conditions; a changed suggestion or citation is not isolated evidence of memory benefit
G2_EVAL,3,10003,"[{""dt"":30,""distance"":400,""min_points"":5,""min_length"":65,""direction"":35,""dp"":2}]","[{""dt"":30,""distance"":400,""min_points"":5,""min_length"":65,""direction"":60,""dp"":5}]",True,,False,"{""dt"":30,""distance"":400,""min_points"":5,""min_length"":65,""direction"":60,""dp"":0}","{""dt"":30,""distance"":400,""min_points"":5,""min_length"":65,""direction"":60,""dp"":0}",3,1,1,False,Independent model episodes with equal registered conditions; a changed suggestion or citation is not isolated evidence of memory benefit
G2_EVAL,3,10927,"[{""dt"":30,""distance"":400,""min_points"":5,""min_length"":65,""direction"":35,""dp"":2}]","[{""dt"":30,""distance"":400,""min_points"":5,""min_length"":65,""direction"":60,""dp"":5}]",True,,True,"{""dt"":30,""distance"":400,""min_points"":5,""min_length"":65,""direction"":45,""dp"":2}","{""dt"":30,""distance"":400,""min_points"":5,""min_length"":65,""direction"":60,""dp"":5}",2,0,0,False,Independent model episodes with equal registered conditions; a changed suggestion or citation is not isolated evidence of memory benefit
G2_EVAL,3,11148,"[{""dt"":30,""distance"":400,""min_points"":5,""min_length"":65,""direction"":35,""dp"":10}]","[{""dt"":30,""distance"":400,""min_points"":5,""min_length"":65,""direction"":60,""dp"":5}]",True,,False,"{""dt"":30,""distance"":400,""min_points"":5,""min_length"":65,""direction"":35,""dp"":5}","{""dt"":30,""distance"":400,""min_points"":5,""min_length"":65,""direction"":35,""dp"":5}",3,0,0,False,Independent model episodes with equal registered conditions; a changed suggestion or citation is not isolated evidence of memory benefit
G2_EVAL,3,1880,"[{""dt"":30,""distance"":400,""min_points"":5,""min_length"":65,""direction"":35,""dp"":2}]","[{""dt"":30,""distance"":400,""min_points"":5,""min_length"":65,""direction"":60,""dp"":5}]",True,,False,"{""dt"":30,""distance"":400,""min_points"":2,""min_length"":0,""direction"":60,""dp"":2}","{""dt"":30,""distance"":400,""min_points"":2,""min_length"":0,""direction"":60,""dp"":2}",3,1,1,False,Independent model episodes with equal registered conditions; a changed suggestion or citation is not isolated evidence of memory benefit
G2_EVAL,3,1887,"[{""dt"":30,""distance"":400,""min_points"":2,""min_length"":0,""direction"":35,""dp"":5}]","[{""dt"":30,""distance"":400,""min_points"":2,""min_length"":65,""direction"":35,""dp"":5}]",True,,True,"{""dt"":30,""distance"":400,""min_points"":2,""min_length"":0,""direction"":35,""dp"":5}","{""dt"":30,""distance"":400,""min_points"":2,""min_length"":65,""direction"":35,""dp"":5}",2,1,1,False,Independent model episodes with equal registered conditions; a changed suggestion or citation is not isolated evidence of memory benefit
G2_EVAL,3,2064,"[{""dt"":30,""distance"":400,""min_points"":2,""min_length"":0,""direction"":35,""dp"":5}]","[{""dt"":30,""distance"":400,""min_points"":2,""min_length"":65,""direction"":35,""dp"":5}]",True,,True,"{""dt"":30,""distance"":400,""min_points"":5,""min_length"":65,""direction"":45,""dp"":0}","{""dt"":30,""distance"":400,""min_points"":5,""min_length"":65,""direction"":60,""dp"":0}",3,0,0,False,Independent model episodes with equal registered conditions; a changed suggestion or citation is not isolated evidence of memory benefit
G2_EVAL,3,2225,"[{""dt"":30,""distance"":400,""min_points"":5,""min_length"":65,""direction"":35,""dp"":2}]","[{""dt"":30,""distance"":400,""min_points"":5,""min_length"":65,""direction"":60,""dp"":5}]",True,,False,"{""dt"":30,""distance"":400,""min_points"":5,""min_length"":65,""direction"":35,""dp"":5}","{""dt"":30,""distance"":400,""min_points"":5,""min_length"":65,""direction"":35,""dp"":5}",2,1,1,False,Independent model episodes with equal registered conditions; a changed suggestion or citation is not isolated evidence of memory benefit
G2_EVAL,3,2297,"[{""dt"":30,""distance"":400,""min_points"":5,""min_length"":65,""direction"":35,""dp"":2}]","[{""dt"":30,""distance"":400,""min_points"":5,""min_length"":65,""direction"":60,""dp"":5}]",True,,False,"{""dt"":30,""distance"":400,""min_points"":5,""min_length"":65,""direction"":35,""dp"":5}","{""dt"":30,""distance"":400,""min_points"":5,""min_length"":65,""direction"":35,""dp"":5}",2,0,0,False,Independent model episodes with equal registered conditions; a changed suggestion or citation is not isolated evidence of memory benefit
G2_EVAL,3,33,"[{""dt"":30,""distance"":400,""min_points"":5,""min_length"":0,""direction"":35,""dp"":5}]","[{""dt"":30,""distance"":400,""min_points"":5,""min_length"":0,""direction"":35,""dp"":5}]",False,,False,"{""dt"":30,""distance"":400,""min_points"":5,""min_length"":65,""direction"":35,""dp"":5}","{""dt"":30,""distance"":400,""min_points"":5,""min_length"":65,""direction"":35,""dp"":5}",3,0,0,False,Independent model episodes with equal registered conditions; a changed suggestion or citation is not isolated evidence of memory benefit
G2_EVAL,3,3371,"[{""dt"":30,""distance"":400,""min_points"":5,""min_length"":65,""direction"":35,""dp"":10}]","[{""dt"":30,""distance"":400,""min_points"":5,""min_length"":65,""direction"":35,""dp"":10}]",False,,False,"{""dt"":30,""distance"":400,""min_points"":5,""min_length"":65,""direction"":60,""dp"":0}","{""dt"":30,""distance"":400,""min_points"":5,""min_length"":65,""direction"":60,""dp"":0}",3,0,0,False,Independent model episodes with equal registered conditions; a changed suggestion or citation is not isolated evidence of memory benefit
G2_EVAL,3,3420,"[{""dt"":30,""distance"":400,""min_points"":2,""min_length"":0,""direction"":35,""dp"":5}]","[{""dt"":30,""distance"":400,""min_points"":5,""min_length"":65,""direction"":60,""dp"":5}]",True,,False,"{""dt"":30,""distance"":400,""min_points"":5,""min_length"":65,""direction"":35,""dp"":5}","{""dt"":30,""distance"":400,""min_points"":5,""min_length"":65,""direction"":35,""dp"":5}",3,0,0,False,Independent model episodes with equal registered conditions; a changed suggestion or citation is not isolated evidence of memory benefit
G2_EVAL,3,43,"[{""dt"":30,""distance"":400,""min_points"":5,""min_length"":0,""direction"":35,""dp"":5}]","[{""dt"":30,""distance"":400,""min_points"":5,""min_length"":0,""direction"":35,""dp"":5}]",False,,False,"{""dt"":30,""distance"":400,""min_points"":5,""min_length"":0,""direction"":35,""dp"":5}","{""dt"":30,""distance"":400,""min_points"":5,""min_length"":0,""direction"":35,""dp"":5}",2,1,1,False,Independent model episodes with equal registered conditions; a changed suggestion or citation is not isolated evidence of memory benefit
G2_EVAL,3,588,"[{""dt"":30,""distance"":400,""min_points"":5,""min_length"":65,""direction"":35,""dp"":2}]","[{""dt"":30,""distance"":400,""min_points"":5,""min_length"":65,""direction"":60,""dp"":5}]",True,,False,"{""dt"":30,""distance"":400,""min_points"":5,""min_length"":65,""direction"":60,""dp"":0}","{""dt"":30,""distance"":400,""min_points"":5,""min_length"":65,""direction"":60,""dp"":0}",3,1,1,False,Independent model episodes with equal registered conditions; a changed suggestion or citation is not isolated evidence of memory benefit
G2_EVAL,3,7137,"[{""dt"":30,""distance"":400,""min_points"":5,""min_length"":0,""direction"":35,""dp"":5}]","[{""dt"":30,""distance"":400,""min_points"":5,""min_length"":0,""direction"":35,""dp"":5}]",False,,False,"{""dt"":30,""distance"":400,""min_points"":5,""min_length"":0,""direction"":35,""dp"":5}","{""dt"":30,""distance"":400,""min_points"":5,""min_length"":0,""direction"":35,""dp"":5}",2,1,1,False,Independent model episodes with equal registered conditions; a changed suggestion or citation is not isolated evidence of memory benefit
G2_EVAL,3,7253,"[{""dt"":30,""distance"":400,""min_points"":5,""min_length"":65,""direction"":35,""dp"":2}]","[{""dt"":30,""distance"":400,""min_points"":5,""min_length"":65,""direction"":60,""dp"":5}]",True,,True,"{""dt"":30,""distance"":400,""min_points"":5,""min_length"":65,""direction"":45,""dp"":0}","{""dt"":30,""distance"":400,""min_points"":5,""min_length"":65,""direction"":60,""dp"":0}",3,0,0,False,Independent model episodes with equal registered conditions; a changed suggestion or citation is not isolated evidence of memory benefit
G2_EVAL,3,7270,"[{""dt"":30,""distance"":400,""min_points"":5,""min_length"":65,""direction"":35,""dp"":10}]","[{""dt"":30,""distance"":400,""min_points"":5,""min_length"":65,""direction"":60,""dp"":5}]",True,,False,"{""dt"":30,""distance"":400,""min_points"":5,""min_length"":65,""direction"":35,""dp"":5}","{""dt"":30,""distance"":400,""min_points"":5,""min_length"":65,""direction"":35,""dp"":5}",3,0,0,False,Independent model episodes with equal registered conditions; a changed suggestion or citation is not isolated evidence of memory benefit
G2_EVAL,3,7711,"[{""dt"":30,""distance"":400,""min_points"":5,""min_length"":0,""direction"":35,""dp"":5}]","[{""dt"":30,""distance"":400,""min_points"":5,""min_length"":0,""direction"":35,""dp"":5}]",False,,False,"{""dt"":30,""distance"":400,""min_points"":5,""min_length"":0,""direction"":35,""dp"":5}","{""dt"":30,""distance"":400,""min_points"":5,""min_length"":0,""direction"":35,""dp"":5}",2,1,1,False,Independent model episodes with equal registered conditions; a changed suggestion or citation is not isolated evidence of memory benefit
G2_EVAL,3,8424,"[{""dt"":30,""distance"":400,""min_points"":5,""min_length"":65,""direction"":35,""dp"":2}]","[{""dt"":30,""distance"":400,""min_points"":5,""min_length"":65,""direction"":60,""dp"":5}]",True,,False,"{""dt"":30,""distance"":400,""min_points"":5,""min_length"":65,""direction"":60,""dp"":0}","{""dt"":30,""distance"":400,""min_points"":5,""min_length"":65,""direction"":60,""dp"":0}",3,1,1,False,Independent model episodes with equal registered conditions; a changed suggestion or citation is not isolated evidence of memory benefit
G2_EVAL,3,8522,"[{""dt"":30,""distance"":400,""min_points"":2,""min_length"":0,""direction"":35,""dp"":5}]","[{""dt"":30,""distance"":400,""min_points"":5,""min_length"":65,""direction"":60,""dp"":5}]",True,,False,"{""dt"":30,""distance"":400,""min_points"":5,""min_length"":65,""direction"":60,""dp"":0}","{""dt"":30,""distance"":400,""min_points"":5,""min_length"":65,""direction"":60,""dp"":0}",3,1,1,False,Independent model episodes with equal registered conditions; a changed suggestion or citation is not isolated evidence of memory benefit
G2_EVAL,3,911,"[{""dt"":30,""distance"":400,""min_points"":2,""min_length"":0,""direction"":35,""dp"":5}]","[{""dt"":30,""distance"":400,""min_points"":2,""min_length"":0,""direction"":35,""dp"":5}]",False,,False,"{""dt"":30,""distance"":400,""min_points"":5,""min_length"":65,""direction"":35,""dp"":5}","{""dt"":30,""distance"":400,""min_points"":5,""min_length"":65,""direction"":35,""dp"":5}",3,0,0,False,Independent model episodes with equal registered conditions; a changed suggestion or citation is not isolated evidence of memory benefit
G2_EVAL,3,9296,"[{""dt"":30,""distance"":400,""min_points"":5,""min_length"":0,""direction"":35,""dp"":5}]","[{""dt"":30,""distance"":400,""min_points"":5,""min_length"":0,""direction"":35,""dp"":5}]",False,,False,"{""dt"":30,""distance"":400,""min_points"":5,""min_length"":0,""direction"":35,""dp"":5}","{""dt"":30,""distance"":400,""min_points"":5,""min_length"":0,""direction"":35,""dp"":5}",2,1,1,False,Independent model episodes with equal registered conditions; a changed suggestion or citation is not isolated evidence of memory benefit
G2_EVAL,3,955,"[{""dt"":30,""distance"":400,""min_points"":5,""min_length"":65,""direction"":35,""dp"":10}]","[{""dt"":30,""distance"":400,""min_points"":5,""min_length"":65,""direction"":60,""dp"":5}]",True,,False,"{""dt"":30,""distance"":400,""min_points"":5,""min_length"":65,""direction"":35,""dp"":5}","{""dt"":30,""distance"":400,""min_points"":5,""min_length"":65,""direction"":35,""dp"":5}",3,0,0,False,Independent model episodes with equal registered conditions; a changed suggestion or citation is not isolated evidence of memory benefit
G2_EVAL,3,9673,"[{""dt"":30,""distance"":400,""min_points"":5,""min_length"":65,""direction"":35,""dp"":2}]","[{""dt"":30,""distance"":400,""min_points"":5,""min_length"":65,""direction"":60,""dp"":5}]",True,,True,"{""dt"":30,""distance"":400,""min_points"":5,""min_length"":65,""direction"":45,""dp"":0}","{""dt"":30,""distance"":400,""min_points"":5,""min_length"":65,""direction"":60,""dp"":5}",2,0,0,False,Independent model episodes with equal registered conditions; a changed suggestion or citation is not isolated evidence of memory benefit
G2_EVAL,3,9709,"[{""dt"":30,""distance"":400,""min_points"":5,""min_length"":0,""direction"":35,""dp"":5}]","[{""dt"":30,""distance"":400,""min_points"":5,""min_length"":0,""direction"":35,""dp"":5}]",False,,False,"{""dt"":30,""distance"":400,""min_points"":5,""min_length"":0,""direction"":35,""dp"":5}","{""dt"":30,""distance"":400,""min_points"":5,""min_length"":0,""direction"":35,""dp"":5}",2,1,1,False,Independent model episodes with equal registered conditions; a changed suggestion or citation is not isolated evidence of memory benefit
