run_role,run_id,partition,experiment_key,config_id,order,dt,distance,min_points,min_length,direction,dp,result_sha256,engineering_status,memberships,n_input,n_final,n_filtered,n_direction_removed,n_dp_removed,n_dp_input,n_dp_output,n_dp_exceedances,n_s_segments,n_filtered_segments,common_raw_points,common_covered_points,common_uncovered_points,common_over_5_points,raw_break_count,raw_break_crossings,raw_breaks_crossed,raw_break_trigger_points_removed,raw_windows,raw_windows_covered,direction_candidate_points,direction_undefined_points,direction_windows_across_raw_breaks,p_removed_raw_break_trigger_points,n_records,n_records_covered,n_all_filtered_records,n_no_output_records,point_retention,point_retention_reason,record_coverage,record_coverage_reason,all_filtered_record_fraction,all_filtered_record_fraction_reason,no_output_record_fraction,no_output_record_fraction_reason,common_coverage,common_coverage_reason,dp_saving,dp_saving_reason,dp_max_error,dp_max_error_reason,common_max_error,common_max_error_reason,record_mean_point_retention,record_mean_point_retention_denominator,record_mean_point_retention_unavailable_records,record_mean_dp_saving,record_mean_dp_saving_denominator,record_mean_dp_saving_unavailable_records,record_mean_common_coverage,record_mean_common_coverage_denominator,record_mean_common_coverage_unavailable_records,record_mean_common_max_error,record_mean_common_max_error_denominator,record_mean_common_max_error_unavailable_records,record_mean_common_mean_error,record_mean_common_mean_error_denominator,record_mean_common_mean_error_unavailable_records,filter_reason_segments,filter_reason_points,direction_undefined_reasons,dp_checks_passed,aggregation_unit,feasible_records,strict_gain_records,feasible_all_records,strict_gain_any_record,statuses,protection_failures,quality_accepted,research_status
parameter_development,g2-development-parameters-02,DEVELOPMENT,741ab426707922caadb7d02d26f64c1e6dfc0cc47e14c39cfcdbf6259f1b935e,cfg-5f3726776663985b,S-D-P,15,400,5,65,35,5,ac341badb01d4508d45e4e41e06a61522204e34af8c3960cebd1a2dcc1069eb9,VERIFIED,"[{""experiment_id"":""G2-PARAM-DT"",""value"":15},{""experiment_id"":""G2-PARAM-TIME-DISTANCE"",""dt"":15,""distance"":400}]",11777,2478,7182,185,1932,4410,2478,0,2418,1712,11777,4595,7182,113,224,0,0,199,344,196,185,2315,0,0,120,75,45,45,0.21041012142311286,,0.625,,0.375,,0.375,,0.3901672751974187,,0.4380952380952381,,4.999018313158629,,187.6375419804648,,0.2094058974076952,120,0,0.4157958230903026,75,45,0.38333730663604937,120,0,21.926027683381825,75,45,1.8903589969117922,75,45,"{""TOO_FEW_POINTS"":590,""TOO_SHORT_LENGTH"":1550}","{""TOO_FEW_POINTS"":1421,""TOO_SHORT_LENGTH"":6673}","{""ENDPOINT"":1412,""MISSING_FOLLOWING_OUTGOING_EDGE"":706,""UNCOMPUTABLE_DIRECTION_IN_WINDOW"":197}",True,original_record; pooled counts explicitly identified,33,0,False,False,"{""TRADEOFF"":87,""NO_DEMONSTRATED_GAIN"":33}","{""COMMON_COVERED_IDENTITIES_LOST"":87,""RAW_WINDOW_COVERAGE_LOST"":24,""COMMON_GEOMETRIC_PROTECTION_DEGRADED"":87,""RECORD_COVERAGE_LOST"":12}",False,TRADEOFF
parameter_development,g2-development-parameters-02,DEVELOPMENT,68be7249e59781f399f7b2d888c2b9c040a829ac8f2e516d5a4a6ab50a891afa,cfg-7b4506482fa0b5f2,S-D-P,20,400,5,65,35,5,370d102a38224c3644194070a0f3c781c37d1864c8bf38935fda418d99b71861,VERIFIED,"[{""experiment_id"":""G2-PARAM-DT"",""value"":20},{""experiment_id"":""G2-PARAM-TIME-DISTANCE"",""dt"":20,""distance"":400}]",11777,2624,4169,567,4417,7041,2624,0,720,346,11777,7608,4169,185,224,0,0,144,344,226,567,2321,0,0,120,87,33,33,0.222807166510996,,0.725,,0.275,,0.275,,0.6460049248535281,,0.6273256639681863,,4.9960113231523335,,187.6375419804648,,0.2262447972855721,120,0,0.6188744351897215,87,33,0.6360080983965555,120,0,21.540795288467997,87,33,1.8813754791147654,87,33,"{""TOO_FEW_POINTS"":146,""TOO_SHORT_LENGTH"":289}","{""TOO_FEW_POINTS"":356,""TOO_SHORT_LENGTH"":3989}","{""ENDPOINT"":748,""MISSING_FOLLOWING_OUTGOING_EDGE"":374,""UNCOMPUTABLE_DIRECTION_IN_WINDOW"":1199}",True,original_record; pooled counts explicitly identified,66,4,False,True,"{""NO_DEMONSTRATED_GAIN"":62,""TRADEOFF"":54,""SUPPORTED_WITHIN_SCOPE"":4}","{""COMMON_COVERED_IDENTITIES_LOST"":53,""COMMON_GEOMETRIC_PROTECTION_DEGRADED"":54,""RAW_WINDOW_COVERAGE_LOST"":1}",False,TRADEOFF
parameter_development,g2-development-parameters-02,DEVELOPMENT,5854f7e63da4fe5a9e35224f5e2d5a3e266752cdb6c2464140b70ac54c8215b2,cfg-b15b8281b73592fb,S-D-P,30,400,5,65,35,5,898e546dcd253de3500240761e4fb9a11a5e061d040d28757694f9edc31ce34a,VERIFIED,"[{""experiment_id"":""G2-PARAM-DT"",""value"":30},{""experiment_id"":""G2-PARAM-DISTANCE"",""value"":400},{""experiment_id"":""G2-PARAM-MIN_POINTS"",""value"":5},{""experiment_id"":""G2-PARAM-MIN_LENGTH"",""value"":65},{""experiment_id"":""G2-PARAM-DIRECTION"",""value"":35},{""experiment_id"":""G2-PARAM-DP"",""value"":5},{""experiment_id"":""G2-PARAM-TIME-DISTANCE"",""dt"":30,""distance"":400},{""experiment_id"":""G2-PARAM-POINTS-LENGTH"",""min_points"":5,""min_length"":65}]",11777,2601,3369,669,5138,7739,2601,0,344,117,11777,8408,3369,217,224,0,0,132,344,227,669,2318,0,0,120,87,33,33,0.2208542073533158,,0.725,,0.275,,0.275,,0.7139339390337097,,0.663910065899987,,4.9960113231523335,,187.6375419804648,,0.22485439718885816,120,0,0.6481474258232128,87,33,0.7017582337817181,120,0,26.459285914939077,87,33,1.960648619310489,87,33,"{""TOO_FEW_POINTS"":63,""TOO_SHORT_LENGTH"":84}","{""TOO_FEW_POINTS"":143,""TOO_SHORT_LENGTH"":3269}","{""ENDPOINT"":454,""MISSING_FOLLOWING_OUTGOING_EDGE"":227,""UNCOMPUTABLE_DIRECTION_IN_WINDOW"":1637}",True,original_record; pooled counts explicitly identified,120,0,True,False,"{""NO_DEMONSTRATED_GAIN"":120}",{},False,NO_DEMONSTRATED_GAIN
parameter_development,g2-development-parameters-02,DEVELOPMENT,4bdd69fed34cf9eb8ae269d07ed3f7a889a39ef033b65c23f4cebd792aad3f51,cfg-85746847a32cb544,S-D-P,45,400,5,65,35,5,2a74873e81e763759c521d0a325a50a668591a9a97a052a763f28341ec5c4c12,VERIFIED,"[{""experiment_id"":""G2-PARAM-DT"",""value"":45},{""experiment_id"":""G2-PARAM-TIME-DISTANCE"",""dt"":45,""distance"":400}]",11777,2609,3224,685,5259,7868,2609,0,314,93,11777,8353,3424,215,224,17,17,136,344,238,685,2346,40,14,120,88,32,32,0.2215334974951176,,0.7333333333333333,,0.26666666666666666,,0.26666666666666666,,0.7092638193088223,,0.668403660396543,,4.9960113231523335,,187.6375419804648,,0.22598433218957492,120,0,0.6523118099008683,88,32,0.6982208863270482,120,0,26.16184535421257,88,32,2.0172106100946596,88,32,"{""TOO_FEW_POINTS"":51,""TOO_SHORT_LENGTH"":61}","{""TOO_FEW_POINTS"":123,""TOO_SHORT_LENGTH"":3127}","{""ENDPOINT"":442,""MISSING_FOLLOWING_OUTGOING_EDGE"":221,""UNCOMPUTABLE_DIRECTION_IN_WINDOW"":1683}",True,original_record; pooled counts explicitly identified,106,0,False,False,"{""NO_DEMONSTRATED_GAIN"":106,""REJECTED_BY_CONSTRAINT"":14}","{""RAW_BREAKPOINT_CROSSED"":14,""COMMON_COVERED_IDENTITIES_LOST"":10,""COMMON_GEOMETRIC_PROTECTION_DEGRADED"":10}",False,REJECTED_BY_CONSTRAINT
parameter_development,g2-development-parameters-02,DEVELOPMENT,a52a27565f3e8e30c868cf6835e48461a3b10e8659fd1657d9ab1d7b40446fe8,cfg-d4ff6528d1731c17,S-D-P,60,400,5,65,35,5,6a0b3cc44f05056d3b8fb6d2ac4b84a3cdd529bece6db0821499af003a88597b,VERIFIED,"[{""experiment_id"":""G2-PARAM-DT"",""value"":60},{""experiment_id"":""G2-PARAM-TIME-DISTANCE"",""dt"":60,""distance"":400}]",11777,2615,3195,686,5281,7896,2615,0,308,86,11777,8376,3401,215,224,19,19,133,344,241,686,2349,45,16,120,89,31,31,0.22204296510146895,,0.7416666666666667,,0.25833333333333336,,0.25833333333333336,,0.7112167784665026,,0.6688196555217831,,4.9960113231523335,,187.6375419804648,,0.22653147023671297,120,0,0.6540775197273753,89,31,0.7003505159566777,120,0,25.906350484127124,89,31,2.0030182132750607,89,31,"{""TOO_FEW_POINTS"":48,""TOO_SHORT_LENGTH"":55}","{""TOO_FEW_POINTS"":115,""TOO_SHORT_LENGTH"":3100}","{""ENDPOINT"":444,""MISSING_FOLLOWING_OUTGOING_EDGE"":222,""UNCOMPUTABLE_DIRECTION_IN_WINDOW"":1683}",True,original_record; pooled counts explicitly identified,105,0,False,False,"{""NO_DEMONSTRATED_GAIN"":105,""REJECTED_BY_CONSTRAINT"":15}","{""RAW_BREAKPOINT_CROSSED"":15,""COMMON_COVERED_IDENTITIES_LOST"":10,""COMMON_GEOMETRIC_PROTECTION_DEGRADED"":10}",False,REJECTED_BY_CONSTRAINT
parameter_development,g2-development-parameters-02,DEVELOPMENT,029032beb15db6767f4cf34ddb3ece6d9aa5af40dc6a481e3af0182e0eac981d,cfg-0ad662cd1af68eaf,S-D-P,30,95,5,65,35,5,bf7ed55427676d782ed87098c3af2b14fc3876934ebe294ad9b67c7c17f355db,VERIFIED,"[{""experiment_id"":""G2-PARAM-DISTANCE"",""value"":95},{""experiment_id"":""G2-PARAM-TIME-DISTANCE"",""dt"":30,""distance"":95}]",11777,1346,6763,534,3134,4480,1346,0,2883,2597,11777,5014,6763,126,224,0,0,411,344,105,534,2057,0,0,120,78,42,42,0.11429056635815572,,0.65,,0.35,,0.35,,0.42574509637428887,,0.6995535714285714,,4.995723520935228,,90.05853344324127,,0.11105122501182095,120,0,0.6542409631515392,78,42,0.4109490546408125,120,0,11.883721605846109,78,42,1.54499233405174,78,42,"{""TOO_FEW_POINTS"":2495,""TOO_SHORT_LENGTH"":2423}","{""TOO_FEW_POINTS"":3050,""TOO_SHORT_LENGTH"":6241}","{""ENDPOINT"":572,""MISSING_FOLLOWING_OUTGOING_EDGE"":286,""UNCOMPUTABLE_DIRECTION_IN_WINDOW"":1199}",True,original_record; pooled counts explicitly identified,49,2,False,True,"{""TRADEOFF"":71,""NO_DEMONSTRATED_GAIN"":47,""SUPPORTED_WITHIN_SCOPE"":2}","{""COMMON_COVERED_IDENTITIES_LOST"":71,""RECORD_COVERAGE_LOST"":9,""RAW_WINDOW_COVERAGE_LOST"":30,""COMMON_GEOMETRIC_PROTECTION_DEGRADED"":71}",False,TRADEOFF
parameter_development,g2-development-parameters-02,DEVELOPMENT,e20c018cee2b8085454202fc188170bbf5afc95756503e3feebbb1b03aa10098,cfg-c75c27c441321c6a,S-D-P,30,200,5,65,35,5,01e614fdb833de764d77db7edb68b19793813135ca37747fe0f2d43830e06a9c,VERIFIED,"[{""experiment_id"":""G2-PARAM-DISTANCE"",""value"":200},{""experiment_id"":""G2-PARAM-TIME-DISTANCE"",""dt"":30,""distance"":200}]",11777,2255,4380,626,4516,6771,2255,0,1220,884,11777,7397,4380,185,224,0,0,346,344,138,626,2572,0,0,120,85,35,35,0.1914749087203872,,0.7083333333333334,,0.2916666666666667,,0.2916666666666667,,0.6280886473635051,,0.6669620440112243,,4.999018313158629,,122.91953857502655,,0.18892653789957675,120,0,0.6331279719737805,85,35,0.6082148846687747,120,0,18.977011367201598,85,35,1.9286171574631312,85,35,"{""TOO_FEW_POINTS"":825,""TOO_SHORT_LENGTH"":760}","{""TOO_FEW_POINTS"":1089,""TOO_SHORT_LENGTH"":4028}","{""ENDPOINT"":672,""MISSING_FOLLOWING_OUTGOING_EDGE"":336,""UNCOMPUTABLE_DIRECTION_IN_WINDOW"":1564}",True,original_record; pooled counts explicitly identified,68,3,False,True,"{""TRADEOFF"":52,""NO_DEMONSTRATED_GAIN"":65,""SUPPORTED_WITHIN_SCOPE"":3}","{""COMMON_COVERED_IDENTITIES_LOST"":51,""RAW_WINDOW_COVERAGE_LOST"":19,""COMMON_GEOMETRIC_PROTECTION_DEGRADED"":52,""RECORD_COVERAGE_LOST"":2}",False,TRADEOFF
parameter_development,g2-development-parameters-02,DEVELOPMENT,2f4d01f7505dcaec59dfa0e8e27f3058d83bc6737827ad16678dfa788635faf0,cfg-cfcdb0f0e22b991f,S-D-P,30,600,5,65,35,5,6ac2116d5549e92c73623c6fd2e17180553a0d70e8d6192806b2cc6d4fab6c77,VERIFIED,"[{""experiment_id"":""G2-PARAM-DISTANCE"",""value"":600},{""experiment_id"":""G2-PARAM-TIME-DISTANCE"",""dt"":30,""distance"":600}]",11777,2577,3280,674,5246,7823,2577,0,218,85,11777,8253,3524,219,224,121,126,185,344,254,674,2039,360,100,120,87,33,33,0.21881633692791033,,0.725,,0.275,,0.275,,0.7007726925362996,,0.6705867314329541,,4.9986060576982725,,187.6375419804648,,0.22304234185668034,120,0,0.6566491371391059,87,33,0.688225645101986,120,0,26.9871804077464,87,33,1.9827234854571316,87,33,"{""TOO_FEW_POINTS"":31,""TOO_SHORT_LENGTH"":80}","{""TOO_FEW_POINTS"":54,""TOO_SHORT_LENGTH"":3265}","{""ENDPOINT"":266,""MISSING_FOLLOWING_OUTGOING_EDGE"":133,""UNCOMPUTABLE_DIRECTION_IN_WINDOW"":1640}",True,original_record; pooled counts explicitly identified,95,0,False,False,"{""REJECTED_BY_CONSTRAINT"":25,""NO_DEMONSTRATED_GAIN"":95}","{""COMMON_COVERED_IDENTITIES_LOST"":21,""RAW_BREAKPOINT_CROSSED"":25,""COMMON_GEOMETRIC_PROTECTION_DEGRADED"":21}",False,REJECTED_BY_CONSTRAINT
parameter_development,g2-development-parameters-02,DEVELOPMENT,d00e9454e0bb741b1e3e0951134bc4eff7bde4c830efa82caca1ec8afc1f74b9,cfg-7261bd230cb316ee,S-D-P,30,800,5,65,35,5,9f257bb8042189a7ef667edc7d9d801f76d446ad4c3f8f090e70dcda7037eda5,VERIFIED,"[{""experiment_id"":""G2-PARAM-DISTANCE"",""value"":800},{""experiment_id"":""G2-PARAM-TIME-DISTANCE"",""dt"":30,""distance"":800}]",11777,2571,3274,678,5254,7825,2571,0,206,81,11777,8225,3552,219,224,130,138,196,344,255,678,2015,390,111,120,87,33,33,0.21830686932155896,,0.725,,0.275,,0.275,,0.6983951770399932,,0.6714376996805111,,4.9986060576982725,,187.6375419804648,,0.22252050394513653,120,0,0.6574095890156603,87,33,0.6857169452312449,120,0,26.9871804077464,87,33,1.9841745490140685,87,33,"{""TOO_FEW_POINTS"":27,""TOO_SHORT_LENGTH"":77}","{""TOO_FEW_POINTS"":48,""TOO_SHORT_LENGTH"":3262}","{""ENDPOINT"":250,""MISSING_FOLLOWING_OUTGOING_EDGE"":125,""UNCOMPUTABLE_DIRECTION_IN_WINDOW"":1640}",True,original_record; pooled counts explicitly identified,95,0,False,False,"{""REJECTED_BY_CONSTRAINT"":25,""NO_DEMONSTRATED_GAIN"":95}","{""COMMON_COVERED_IDENTITIES_LOST"":23,""RAW_BREAKPOINT_CROSSED"":25,""COMMON_GEOMETRIC_PROTECTION_DEGRADED"":23}",False,REJECTED_BY_CONSTRAINT
parameter_development,g2-development-parameters-02,DEVELOPMENT,48cf0c51e5229db63aed0c2a9890366db33d84eae13c2015d96da67aed0f08c1,cfg-6599edd5fcbf75b1,S-D-P,30,400,2,65,35,5,37b722d862aeb664d1eea6cdce037ac5bac9b573ccc25b24b41e8bfb3c89efb0,VERIFIED,"[{""experiment_id"":""G2-PARAM-MIN_POINTS"",""value"":2},{""experiment_id"":""G2-PARAM-POINTS-LENGTH"",""min_points"":2,""min_length"":65}]",11777,2680,3269,669,5159,7839,2680,0,344,84,11777,8508,3269,217,224,0,0,79,344,260,669,2406,0,0,120,87,33,33,0.22756219750360873,,0.725,,0.275,,0.275,,0.7224250658062324,,0.6581196581196581,,4.9960113231523335,,187.6375419804648,,0.2328097913150593,120,0,0.6443689892105299,87,33,0.7118356789576147,120,0,26.459285914939077,87,33,1.9398770029378383,87,33,"{""TOO_FEW_POINTS"":22,""TOO_SHORT_LENGTH"":84}","{""TOO_FEW_POINTS"":22,""TOO_SHORT_LENGTH"":3269}","{""ENDPOINT"":520,""MISSING_FOLLOWING_OUTGOING_EDGE"":249,""UNCOMPUTABLE_DIRECTION_IN_WINDOW"":1637}",True,original_record; pooled counts explicitly identified,120,18,True,True,"{""SUPPORTED_WITHIN_SCOPE"":18,""NO_DEMONSTRATED_GAIN"":102}",{},False,SUPPORTED_WITHIN_SCOPE
parameter_development,g2-development-parameters-02,DEVELOPMENT,08b0a3a1730d6b22042ce3a72df750f10a9db8a8034c88b77602ebffe6290829,cfg-d4df6d869dc800d6,S-D-P,30,400,3,65,35,5,35d3e8631c1f2e957ef3763f6b90af1c8ee4309672f559d5ff393377fc49fa7f,VERIFIED,"[{""experiment_id"":""G2-PARAM-MIN_POINTS"",""value"":3},{""experiment_id"":""G2-PARAM-POINTS-LENGTH"",""min_points"":3,""min_length"":65}]",11777,2658,3291,669,5159,7817,2658,0,344,95,11777,8486,3291,217,224,0,0,97,344,249,669,2384,0,0,120,87,33,33,0.22569414961365372,,0.725,,0.275,,0.275,,0.7205570179162775,,0.6599718562108225,,4.9960113231523335,,187.6375419804648,,0.2300272664825406,120,0,0.6459874141240853,87,33,0.7090531541250961,120,0,26.459285914939077,87,33,1.95195540318231,87,33,"{""TOO_FEW_POINTS"":38,""TOO_SHORT_LENGTH"":84}","{""TOO_FEW_POINTS"":54,""TOO_SHORT_LENGTH"":3269}","{""ENDPOINT"":498,""MISSING_FOLLOWING_OUTGOING_EDGE"":249,""UNCOMPUTABLE_DIRECTION_IN_WINDOW"":1637}",True,original_record; pooled counts explicitly identified,120,13,True,True,"{""NO_DEMONSTRATED_GAIN"":107,""SUPPORTED_WITHIN_SCOPE"":13}",{},False,SUPPORTED_WITHIN_SCOPE
parameter_development,g2-development-parameters-02,DEVELOPMENT,ff3a0190c6c97414e2273aba1b271fa3761f5d157265b8e907fd3c8405a16a68,cfg-38b5af70752afcf3,S-D-P,30,400,7,65,35,5,8f9608a14b19e1015f01be18d7b6bf0493e849f9df1a0312f8fd1b22c0cbe50a,VERIFIED,"[{""experiment_id"":""G2-PARAM-MIN_POINTS"",""value"":7},{""experiment_id"":""G2-PARAM-POINTS-LENGTH"",""min_points"":7,""min_length"":65}]",11777,2371,3724,668,5014,7385,2371,0,344,187,11777,8053,3724,217,224,0,0,268,344,157,668,2108,0,0,120,87,33,33,0.20132461577651353,,0.725,,0.275,,0.275,,0.6837904389912541,,0.6789438050101557,,4.9960113231523335,,187.6375419804648,,0.2040388140174222,120,0,0.6538378796265568,87,33,0.6694983152213321,120,0,26.424789195557512,87,33,2.011588501072878,87,33,"{""TOO_FEW_POINTS"":137,""TOO_SHORT_LENGTH"":84}","{""TOO_FEW_POINTS"":520,""TOO_SHORT_LENGTH"":3269}","{""ENDPOINT"":314,""MISSING_FOLLOWING_OUTGOING_EDGE"":157,""UNCOMPUTABLE_DIRECTION_IN_WINDOW"":1637}",True,original_record; pooled counts explicitly identified,105,0,False,False,"{""TRADEOFF"":15,""NO_DEMONSTRATED_GAIN"":105}","{""COMMON_COVERED_IDENTITIES_LOST"":15,""RAW_WINDOW_COVERAGE_LOST"":15,""COMMON_GEOMETRIC_PROTECTION_DEGRADED"":15}",False,TRADEOFF
parameter_development,g2-development-parameters-02,DEVELOPMENT,34b9d9e2879f5504580fade93b9626bfd1fc2a2b06a95c59027b34203bdd72a8,cfg-7a5c632edc26a683,S-D-P,30,400,10,65,35,5,aa6ce6b1b9bd1d07d5763597d65c8e7bda4aadced4687d4e3e7a5c0bdaed51dc,VERIFIED,"[{""experiment_id"":""G2-PARAM-MIN_POINTS"",""value"":10},{""experiment_id"":""G2-PARAM-POINTS-LENGTH"",""min_points"":10,""min_length"":65}]",11777,2302,3847,662,4966,7268,2302,0,344,202,11777,7930,3847,212,224,0,0,290,344,142,662,2057,0,0,120,87,33,33,0.19546573830347286,,0.725,,0.275,,0.275,,0.6733463530610512,,0.6832691249312053,,4.9960113231523335,,187.6375419804648,,0.19789459722574781,120,0,0.6559837606534307,87,33,0.6579789468434305,120,0,25.694856906079764,87,33,1.8961012654478298,87,33,"{""TOO_FEW_POINTS"":158,""TOO_SHORT_LENGTH"":84}","{""TOO_FEW_POINTS"":688,""TOO_SHORT_LENGTH"":3269}","{""ENDPOINT"":284,""MISSING_FOLLOWING_OUTGOING_EDGE"":142,""UNCOMPUTABLE_DIRECTION_IN_WINDOW"":1631}",True,original_record; pooled counts explicitly identified,99,0,False,False,"{""TRADEOFF"":21,""NO_DEMONSTRATED_GAIN"":99}","{""COMMON_COVERED_IDENTITIES_LOST"":21,""RAW_WINDOW_COVERAGE_LOST"":21,""COMMON_GEOMETRIC_PROTECTION_DEGRADED"":21}",False,TRADEOFF
parameter_development,g2-development-parameters-02,DEVELOPMENT,3ddd21a9f34dc5bb3683e21aa7c9ec9ac94a4ccc0ba1b0a55070e7fd8652e331,cfg-63139d05595c253c,S-D-P,30,400,5,0,35,5,1daf18235ef8680d3ae508d6ce2318ef9d72441297d2af9e2b4022abee639348,VERIFIED,"[{""experiment_id"":""G2-PARAM-MIN_LENGTH"",""value"":0},{""experiment_id"":""G2-PARAM-POINTS-LENGTH"",""min_points"":5,""min_length"":0}]",11777,2716,143,711,8207,10923,2716,0,344,63,11777,11634,143,217,224,0,0,88,344,281,711,5232,0,0,120,120,0,0,0.2306190031417169,,1.0,,0.0,,0.0,,0.9878576887152926,,0.751350361622265,,4.9960113231523335,,187.6375419804648,,0.23536967747856252,120,0,0.7360038577286168,120,0,0.9837928950528344,120,0,19.630107297708424,120,0,1.568423534608629,120,0,"{""TOO_FEW_POINTS"":63}","{""TOO_FEW_POINTS"":143}","{""ENDPOINT"":562,""MISSING_FOLLOWING_OUTGOING_EDGE"":281,""UNCOMPUTABLE_DIRECTION_IN_WINDOW"":4389}",True,original_record; pooled counts explicitly identified,120,35,True,True,"{""NO_DEMONSTRATED_GAIN"":85,""SUPPORTED_WITHIN_SCOPE"":35}",{},False,SUPPORTED_WITHIN_SCOPE
parameter_development,g2-development-parameters-02,DEVELOPMENT,c87642982dd01a4e98bcaff707c9f6dca568a62550e346f0e6b8e96e5e646e3f,cfg-5279f18a16a391af,S-D-P,30,400,5,32.5,35,5,10548e2a3742bea88928dea07790fdccf6dd664ada23dfaf1506330ab940c0cc,VERIFIED,"[{""experiment_id"":""G2-PARAM-MIN_LENGTH"",""value"":32.5},{""experiment_id"":""G2-PARAM-POINTS-LENGTH"",""min_points"":5,""min_length"":32.5}]",11777,2619,3029,704,5425,8044,2619,0,344,111,11777,8748,3029,217,224,0,0,126,344,233,704,2376,0,0,120,91,29,29,0.22238261017236988,,0.7583333333333333,,0.24166666666666667,,0.24166666666666667,,0.742803770060287,,0.6744157135753357,,4.9960113231523335,,187.6375419804648,,0.22645226520204279,120,0,0.6607399299435001,91,29,0.7310518573021458,120,0,25.46521519150838,91,29,1.9269031986562182,91,29,"{""TOO_FEW_POINTS"":63,""TOO_SHORT_LENGTH"":77}","{""TOO_FEW_POINTS"":143,""TOO_SHORT_LENGTH"":2926}","{""ENDPOINT"":466,""MISSING_FOLLOWING_OUTGOING_EDGE"":233,""UNCOMPUTABLE_DIRECTION_IN_WINDOW"":1677}",True,original_record; pooled counts explicitly identified,120,4,True,True,"{""NO_DEMONSTRATED_GAIN"":116,""SUPPORTED_WITHIN_SCOPE"":4}",{},False,SUPPORTED_WITHIN_SCOPE
parameter_development,g2-development-parameters-02,DEVELOPMENT,84679851ba53d289c839e938592a93a1baf48ff8600512f1591f77114325197c,cfg-2145210f6818db22,S-D-P,30,400,5,97.5,35,5,450c638bbd63d9919c5b09630e462ccf456b0a7689b7cdfaf5b06921c0022b79,VERIFIED,"[{""experiment_id"":""G2-PARAM-MIN_LENGTH"",""value"":97.5},{""experiment_id"":""G2-PARAM-POINTS-LENGTH"",""min_points"":5,""min_length"":97.5}]",11777,2593,3464,631,5089,7682,2593,0,344,120,11777,8313,3464,214,224,0,0,137,344,224,631,2309,0,0,120,86,34,34,0.22017491721151397,,0.7166666666666667,,0.2833333333333333,,0.2833333333333333,,0.7058673685998132,,0.662457693309034,,4.9960113231523335,,187.6375419804648,,0.22415995274441372,120,0,0.6456881037652615,86,34,0.6935117060039404,120,0,26.662111450866202,86,34,1.963732721033418,86,34,"{""TOO_FEW_POINTS"":63,""TOO_SHORT_LENGTH"":88}","{""TOO_FEW_POINTS"":143,""TOO_SHORT_LENGTH"":3366}","{""ENDPOINT"":448,""MISSING_FOLLOWING_OUTGOING_EDGE"":224,""UNCOMPUTABLE_DIRECTION_IN_WINDOW"":1637}",True,original_record; pooled counts explicitly identified,119,0,False,False,"{""NO_DEMONSTRATED_GAIN"":119,""TRADEOFF"":1}","{""COMMON_COVERED_IDENTITIES_LOST"":1,""RECORD_COVERAGE_LOST"":1,""RAW_WINDOW_COVERAGE_LOST"":1,""COMMON_GEOMETRIC_PROTECTION_DEGRADED"":1}",False,TRADEOFF
parameter_development,g2-development-parameters-02,DEVELOPMENT,57e5f68770db2ea469fe7dbde628232660f85d1b954bf064c90b4e4725399c19,cfg-dc3bdca5d6cb9c1f,S-D-P,30,400,5,130,35,5,5e29d223ffe06234167fd14376f010620cd0320bb4a138fa9c7f074fb592cfb0,VERIFIED,"[{""experiment_id"":""G2-PARAM-MIN_LENGTH"",""value"":130},{""experiment_id"":""G2-PARAM-POINTS-LENGTH"",""min_points"":5,""min_length"":130}]",11777,2587,3564,609,5017,7604,2587,0,344,121,11777,8213,3564,212,224,0,0,137,344,223,609,2306,0,0,120,85,35,35,0.2196654496051626,,0.7083333333333334,,0.2916666666666667,,0.2916666666666667,,0.6973762418272905,,0.659784324039979,,4.9960113231523335,,187.6375419804648,,0.2236599527444137,120,0,0.6424247058910068,85,35,0.6851783726706071,120,0,26.91272938525412,85,35,1.9674261912051045,85,35,"{""TOO_FEW_POINTS"":63,""TOO_SHORT_LENGTH"":90}","{""TOO_FEW_POINTS"":143,""TOO_SHORT_LENGTH"":3469}","{""ENDPOINT"":446,""MISSING_FOLLOWING_OUTGOING_EDGE"":223,""UNCOMPUTABLE_DIRECTION_IN_WINDOW"":1637}",True,original_record; pooled counts explicitly identified,118,0,False,False,"{""NO_DEMONSTRATED_GAIN"":118,""TRADEOFF"":2}","{""COMMON_COVERED_IDENTITIES_LOST"":2,""RECORD_COVERAGE_LOST"":2,""RAW_WINDOW_COVERAGE_LOST"":2,""COMMON_GEOMETRIC_PROTECTION_DEGRADED"":2}",False,TRADEOFF
parameter_development,g2-development-parameters-02,DEVELOPMENT,4a4f5dac90acc630d3724bc0ca971c269a56ac8d3746227420b7413e84ee4745,cfg-6b37e535e1ea2046,S-D-P,30,400,5,65,15,5,cfaa66217452eabefefad80fd279fc9f734041353af814bb551a4e229be7bcd1,VERIFIED,"[{""experiment_id"":""G2-PARAM-DIRECTION"",""value"":15}]",11777,2304,3369,1649,4455,6759,2304,0,344,117,11777,8408,3369,714,224,0,0,132,344,227,1649,2318,0,0,120,87,33,33,0.19563556083892333,,0.725,,0.275,,0.275,,0.7139339390337097,,0.659121171770972,,4.9960113231523335,,317.05805849803966,,0.1984802932272685,120,0,0.6439031028218061,87,33,0.7017582337817181,120,0,50.24402399614208,87,33,3.9463710837878963,87,33,"{""TOO_FEW_POINTS"":63,""TOO_SHORT_LENGTH"":84}","{""TOO_FEW_POINTS"":143,""TOO_SHORT_LENGTH"":3269}","{""ENDPOINT"":454,""MISSING_FOLLOWING_OUTGOING_EDGE"":227,""UNCOMPUTABLE_DIRECTION_IN_WINDOW"":1637}",True,original_record; pooled counts explicitly identified,59,5,False,True,"{""NO_DEMONSTRATED_GAIN"":54,""TRADEOFF"":61,""SUPPORTED_WITHIN_SCOPE"":5}","{""COMMON_GEOMETRIC_PROTECTION_DEGRADED"":61}",False,TRADEOFF
parameter_development,g2-development-parameters-02,DEVELOPMENT,97f0b63f957b503c00e6c84d567b4d0ec57824f3adfacbdceac47daff9affbd4,cfg-893931df60c3d3d6,S-D-P,30,400,5,65,25,5,8ba90c675c076b654013e8f6ef4468bf1df8041ed998fed033901bea21ccd3e9,VERIFIED,"[{""experiment_id"":""G2-PARAM-DIRECTION"",""value"":25}]",11777,2461,3369,1058,4889,7350,2461,0,344,117,11777,8408,3369,405,224,0,0,132,344,227,1058,2318,0,0,120,87,33,33,0.208966629871784,,0.725,,0.275,,0.275,,0.7139339390337097,,0.6651700680272109,,4.9960113231523335,,187.6375419804648,,0.2124282908961991,120,0,0.6487810515542192,87,33,0.7017582337817181,120,0,37.70238361885329,87,33,2.5266955094432673,87,33,"{""TOO_FEW_POINTS"":63,""TOO_SHORT_LENGTH"":84}","{""TOO_FEW_POINTS"":143,""TOO_SHORT_LENGTH"":3269}","{""ENDPOINT"":454,""MISSING_FOLLOWING_OUTGOING_EDGE"":227,""UNCOMPUTABLE_DIRECTION_IN_WINDOW"":1637}",True,original_record; pooled counts explicitly identified,81,2,False,True,"{""NO_DEMONSTRATED_GAIN"":79,""TRADEOFF"":39,""SUPPORTED_WITHIN_SCOPE"":2}","{""COMMON_GEOMETRIC_PROTECTION_DEGRADED"":39}",False,TRADEOFF
parameter_development,g2-development-parameters-02,DEVELOPMENT,6884e50892f7b8d0664d41bcbaea73b09dc54ebbe2390861daebd79846b7534f,cfg-24646b7acfafee8e,S-D-P,30,400,5,65,45,5,bc04bbf8947779e49d5c2ca5df84de319ca721d86992202e8126ca7b2616af0e,VERIFIED,"[{""experiment_id"":""G2-PARAM-DIRECTION"",""value"":45}]",11777,2684,3369,441,5283,7967,2684,0,344,117,11777,8408,3369,123,224,0,0,132,344,227,441,2318,0,0,120,87,33,33,0.22790184257450963,,0.725,,0.275,,0.275,,0.7139339390337097,,0.6631103301117108,,4.9960113231523335,,187.6375419804648,,0.23159980374158062,120,0,0.64798715696834,87,33,0.7017582337817181,120,0,17.777996360834692,87,33,1.603566504360734,87,33,"{""TOO_FEW_POINTS"":63,""TOO_SHORT_LENGTH"":84}","{""TOO_FEW_POINTS"":143,""TOO_SHORT_LENGTH"":3269}","{""ENDPOINT"":454,""MISSING_FOLLOWING_OUTGOING_EDGE"":227,""UNCOMPUTABLE_DIRECTION_IN_WINDOW"":1637}",True,original_record; pooled counts explicitly identified,119,29,False,True,"{""NO_DEMONSTRATED_GAIN"":90,""SUPPORTED_WITHIN_SCOPE"":29,""TRADEOFF"":1}","{""COMMON_GEOMETRIC_PROTECTION_DEGRADED"":1}",False,TRADEOFF
parameter_development,g2-development-parameters-02,DEVELOPMENT,cda58e3a532dead332c3d82607f8e1ecf3fbaf6d445352b43a9c95651b89356e,cfg-a5483ca9cb883a91,S-D-P,30,400,5,65,60,5,99c3e13d05f8541ca973c6b15f0d0c9fd4ff6f7df687bf5d06d9fe0fa4a0685a,VERIFIED,"[{""experiment_id"":""G2-PARAM-DIRECTION"",""value"":60}]",11777,2714,3369,278,5416,8130,2714,0,344,117,11777,8408,3369,83,224,0,0,132,344,227,278,2318,0,0,120,87,33,33,0.23044918060626646,,0.725,,0.275,,0.275,,0.7139339390337097,,0.6661746617466175,,4.9960113231523335,,187.6375419804648,,0.23418182580060523,120,0,0.650317165336645,87,33,0.7017582337817181,120,0,15.423211934349476,87,33,1.4483895740040744,87,33,"{""TOO_FEW_POINTS"":63,""TOO_SHORT_LENGTH"":84}","{""TOO_FEW_POINTS"":143,""TOO_SHORT_LENGTH"":3269}","{""ENDPOINT"":454,""MISSING_FOLLOWING_OUTGOING_EDGE"":227,""UNCOMPUTABLE_DIRECTION_IN_WINDOW"":1637}",True,original_record; pooled counts explicitly identified,119,45,False,True,"{""NO_DEMONSTRATED_GAIN"":74,""SUPPORTED_WITHIN_SCOPE"":45,""TRADEOFF"":1}","{""COMMON_GEOMETRIC_PROTECTION_DEGRADED"":1}",False,TRADEOFF
parameter_development,g2-development-parameters-02,DEVELOPMENT,f4132f9933454db90d9c632a6e495d8a706093f8a4c2baeba4d5749b4abbc232,cfg-b64eb945a846910c,S-D-P,30,400,5,65,35,0,1d7eb202c92687d730c3bc4d4867f7163e9423bf418984ee90168168f3afae03,VERIFIED,"[{""experiment_id"":""G2-PARAM-DP"",""value"":0}]",11777,7739,3369,669,0,7739,7739,0,344,117,11777,8408,3369,219,224,0,0,132,344,227,669,2318,0,0,120,87,33,33,0.6571283009255329,,0.725,,0.275,,0.275,,0.7139339390337097,,0.0,,0.0,,187.6375419804648,,0.642091601199698,120,0,0.0,87,33,0.7017582337817181,120,0,26.379027092649302,87,33,1.1692901437791607,87,33,"{""TOO_FEW_POINTS"":63,""TOO_SHORT_LENGTH"":84}","{""TOO_FEW_POINTS"":143,""TOO_SHORT_LENGTH"":3269}","{""ENDPOINT"":454,""MISSING_FOLLOWING_OUTGOING_EDGE"":227,""UNCOMPUTABLE_DIRECTION_IN_WINDOW"":1637}",True,original_record; pooled counts explicitly identified,120,0,True,False,"{""NO_DEMONSTRATED_GAIN"":120}",{},False,NO_DEMONSTRATED_GAIN
parameter_development,g2-development-parameters-02,DEVELOPMENT,4530ce1fd25db1464b7ea8627e56ca705d1866d417b382bae461ce2e53caf27e,cfg-59d5d0c23b67d172,S-D-P,30,400,5,65,35,0.5,bbfab8cfb562683dab9f056c8aab2c69c6f0fdc85d559957e2c03c4dfda8dfea,VERIFIED,"[{""experiment_id"":""G2-PARAM-DP"",""value"":0.5}]",11777,4929,3369,669,2810,7739,4929,0,344,117,11777,8408,3369,219,224,0,0,132,344,227,669,2318,0,0,120,87,33,33,0.4185276386176446,,0.725,,0.275,,0.275,,0.7139339390337097,,0.36309600723607705,,0.49982054396225145,,187.6375419804648,,0.4153197314464484,120,0,0.3500331824156969,87,33,0.7017582337817181,120,0,26.436736383705366,87,33,1.2148426186803891,87,33,"{""TOO_FEW_POINTS"":63,""TOO_SHORT_LENGTH"":84}","{""TOO_FEW_POINTS"":143,""TOO_SHORT_LENGTH"":3269}","{""ENDPOINT"":454,""MISSING_FOLLOWING_OUTGOING_EDGE"":227,""UNCOMPUTABLE_DIRECTION_IN_WINDOW"":1637}",True,original_record; pooled counts explicitly identified,120,0,True,False,"{""NO_DEMONSTRATED_GAIN"":120}",{},False,NO_DEMONSTRATED_GAIN
parameter_development,g2-development-parameters-02,DEVELOPMENT,d48361438849a51698c2a3da45c49e96eaa8bf32545dce411d8116807b758df3,cfg-322e68540606f046,S-D-P,30,400,5,65,35,1,2f21c436a7117cd85209a6e7c69706a4350d21807d186efaa5ef15df8e723977,VERIFIED,"[{""experiment_id"":""G2-PARAM-DP"",""value"":1}]",11777,4286,3369,669,3453,7739,4286,0,344,117,11777,8408,3369,215,224,0,0,132,344,227,669,2318,0,0,120,87,33,33,0.3639296934703235,,0.725,,0.275,,0.275,,0.7139339390337097,,0.4461816772192789,,0.9999029427255688,,187.6375419804648,,0.36273292019049747,120,0,0.4322763730683256,87,33,0.7017582337817181,120,0,26.09597218007792,87,33,1.239495766196023,87,33,"{""TOO_FEW_POINTS"":63,""TOO_SHORT_LENGTH"":84}","{""TOO_FEW_POINTS"":143,""TOO_SHORT_LENGTH"":3269}","{""ENDPOINT"":454,""MISSING_FOLLOWING_OUTGOING_EDGE"":227,""UNCOMPUTABLE_DIRECTION_IN_WINDOW"":1637}",True,original_record; pooled counts explicitly identified,120,0,True,False,"{""NO_DEMONSTRATED_GAIN"":120}",{},False,NO_DEMONSTRATED_GAIN
parameter_development,g2-development-parameters-02,DEVELOPMENT,41b1ed765974e1a3c4cda5fed41c6316222b1b1818686fcce8a31bdf523b2a74,cfg-df6f00206fb03678,S-D-P,30,400,5,65,35,2,3283fbc6a2a4e16cdd23d191cfa79884e263eb3e307c1686993b15c5e20b15ea,VERIFIED,"[{""experiment_id"":""G2-PARAM-DP"",""value"":2}]",11777,3533,3369,669,4206,7739,3533,0,344,117,11777,8408,3369,213,224,0,0,132,344,227,669,2318,0,0,120,87,33,33,0.29999150887322745,,0.725,,0.275,,0.275,,0.7139339390337097,,0.5434810699056726,,1.9986120657122588,,187.6375419804648,,0.301276938941543,120,0,0.5285268807443934,87,33,0.7017582337817181,120,0,25.853540811182118,87,33,1.3939663088853738,87,33,"{""TOO_FEW_POINTS"":63,""TOO_SHORT_LENGTH"":84}","{""TOO_FEW_POINTS"":143,""TOO_SHORT_LENGTH"":3269}","{""ENDPOINT"":454,""MISSING_FOLLOWING_OUTGOING_EDGE"":227,""UNCOMPUTABLE_DIRECTION_IN_WINDOW"":1637}",True,original_record; pooled counts explicitly identified,120,0,True,False,"{""NO_DEMONSTRATED_GAIN"":120}",{},False,NO_DEMONSTRATED_GAIN
parameter_development,g2-development-parameters-02,DEVELOPMENT,7c9f191158b3147af600672ea2b0535401b75ede99ba2ea50de1c1bbf572e89e,cfg-65d9f66c5a9b483a,S-D-P,30,400,5,65,35,10,0eb3b37d298e5c4666084d379ada5141638d68371f5ec522ca2270bdc88c7b8e,VERIFIED,"[{""experiment_id"":""G2-PARAM-DP"",""value"":10}]",11777,1889,3369,669,5850,7739,1889,0,344,117,11777,8408,3369,1530,224,0,0,132,344,227,669,2318,0,0,120,87,33,33,0.16039738473295406,,0.725,,0.275,,0.275,,0.7139339390337097,,0.7559116164879183,,9.966395098197564,,149.16818385984476,,0.16389236346163966,120,0,0.7435650409306216,87,33,0.7017582337817181,120,0,26.201202262272446,87,33,3.0602012187939467,87,33,"{""TOO_FEW_POINTS"":63,""TOO_SHORT_LENGTH"":84}","{""TOO_FEW_POINTS"":143,""TOO_SHORT_LENGTH"":3269}","{""ENDPOINT"":454,""MISSING_FOLLOWING_OUTGOING_EDGE"":227,""UNCOMPUTABLE_DIRECTION_IN_WINDOW"":1637}",True,original_record; pooled counts explicitly identified,33,0,False,False,"{""REJECTED_BY_CONSTRAINT"":87,""NO_DEMONSTRATED_GAIN"":33}","{""COMMON_DP_BUDGET_EXCEEDED"":87}",False,REJECTED_BY_CONSTRAINT
parameter_development,g2-development-parameters-02,DEVELOPMENT,661dbe8f3fa5e56a007d95ff420d5273e8262c5b91ff3c94fabb2ca26eac9756,cfg-e8ff0df5800d5c3b,S-D-P,30,400,5,65,35,20,fb858097cad7c29dec00a1a59f47a942533b0a8891803f76750572516075325e,VERIFIED,"[{""experiment_id"":""G2-PARAM-DP"",""value"":20}]",11777,1395,3369,669,6344,7739,1395,0,344,117,11777,8408,3369,2937,224,0,0,132,344,227,669,2318,0,0,120,87,33,33,0.11845121847669186,,0.725,,0.275,,0.275,,0.7139339390337097,,0.8197441529913425,,19.98202659103844,,149.16818385984476,,0.12089721758960997,120,0,0.8113662670598695,87,33,0.7017582337817181,120,0,29.331557712681445,87,33,4.922431147517098,87,33,"{""TOO_FEW_POINTS"":63,""TOO_SHORT_LENGTH"":84}","{""TOO_FEW_POINTS"":143,""TOO_SHORT_LENGTH"":3269}","{""ENDPOINT"":454,""MISSING_FOLLOWING_OUTGOING_EDGE"":227,""UNCOMPUTABLE_DIRECTION_IN_WINDOW"":1637}",True,original_record; pooled counts explicitly identified,33,0,False,False,"{""REJECTED_BY_CONSTRAINT"":87,""NO_DEMONSTRATED_GAIN"":33}","{""COMMON_DP_BUDGET_EXCEEDED"":87}",False,REJECTED_BY_CONSTRAINT
parameter_development,g2-development-parameters-02,DEVELOPMENT,9b1d8cbe60c671ddcc9e4619e4d9246c612d62d1da9fb09e9e31d0bca0c4574c,cfg-672c311f4dabd45c,S-D-P,15,95,5,65,35,5,453ddad4db953af70e07f0cdf4c3772313dc03bdf268765167cd0817e612916b,VERIFIED,"[{""experiment_id"":""G2-PARAM-TIME-DISTANCE"",""dt"":15,""distance"":95}]",11777,868,10085,101,723,1591,868,0,4396,4133,11777,1692,10085,54,224,0,0,426,344,75,101,916,0,0,120,63,57,57,0.07370298038549715,,0.525,,0.475,,0.475,,0.1436698649910843,,0.45443117536140787,,4.877054131309356,,90.05853344324127,,0.07091621548275286,120,0,0.42543803132363595,63,57,0.13613694465568627,120,0,11.371433039830181,63,57,1.7446915854689524,63,57,"{""TOO_FEW_POINTS"":2999,""TOO_SHORT_LENGTH"":3890}","{""TOO_FEW_POINTS"":4245,""TOO_SHORT_LENGTH"":9356}","{""ENDPOINT"":526,""MISSING_FOLLOWING_OUTGOING_EDGE"":263,""UNCOMPUTABLE_DIRECTION_IN_WINDOW"":127}",True,original_record; pooled counts explicitly identified,33,0,False,False,"{""TRADEOFF"":87,""NO_DEMONSTRATED_GAIN"":33}","{""COMMON_COVERED_IDENTITIES_LOST"":87,""RECORD_COVERAGE_LOST"":24,""RAW_WINDOW_COVERAGE_LOST"":51,""COMMON_GEOMETRIC_PROTECTION_DEGRADED"":87}",False,TRADEOFF
parameter_development,g2-development-parameters-02,DEVELOPMENT,56b7bb7f8e373a39cc591f1b786a8313618f5eff343f055a3758f7babd9a6989,cfg-a14223bb071ea6fe,S-D-P,15,200,5,65,35,5,2f2abcb22c24b9c4dd63d74a96ec1949b064cc48edd770a14d1eb4b3fc683862,VERIFIED,"[{""experiment_id"":""G2-PARAM-TIME-DISTANCE"",""dt"":15,""distance"":200}]",11777,2024,7982,154,1617,3641,2024,0,2993,2409,11777,3795,7982,88,224,0,0,379,344,112,154,1932,0,0,120,72,48,48,0.17186040587585974,,0.6,,0.4,,0.4,,0.32223826101723696,,0.4441087613293051,,4.999018313158629,,122.91953857502655,,0.16685346622309083,120,0,0.4135329917033768,72,48,0.3092924790826324,120,0,15.693970309474853,72,48,1.6472979252359459,72,48,"{""TOO_FEW_POINTS"":1286,""TOO_SHORT_LENGTH"":2199}","{""TOO_FEW_POINTS"":2201,""TOO_SHORT_LENGTH"":7350}","{""ENDPOINT"":1168,""MISSING_FOLLOWING_OUTGOING_EDGE"":584,""UNCOMPUTABLE_DIRECTION_IN_WINDOW"":180}",True,original_record; pooled counts explicitly identified,33,0,False,False,"{""TRADEOFF"":87,""NO_DEMONSTRATED_GAIN"":33}","{""COMMON_COVERED_IDENTITIES_LOST"":87,""RAW_WINDOW_COVERAGE_LOST"":35,""COMMON_GEOMETRIC_PROTECTION_DEGRADED"":87,""RECORD_COVERAGE_LOST"":15}",False,TRADEOFF
parameter_development,g2-development-parameters-02,DEVELOPMENT,97a7558fbb9b27da500363bc252553a8bde7d9710459f5e44d872a7f5c941d32,cfg-fd21019cc8ca3842,S-D-P,15,600,5,65,35,5,27b665096c232e10fde744d7b0fb0815e080d813257b5bed10f033c4606231fd,VERIFIED,"[{""experiment_id"":""G2-PARAM-TIME-DISTANCE"",""dt"":15,""distance"":600}]",11777,2483,7172,187,1935,4418,2483,0,2410,1704,11777,4594,7183,113,224,6,6,194,344,202,187,2315,10,3,120,75,45,45,0.21083467776173898,,0.625,,0.375,,0.375,,0.3900823639296935,,0.4379809868718877,,4.999018313158629,,187.6375419804648,,0.21010896464451426,120,0,0.41565428847240343,75,45,0.3835531774880068,120,0,21.926027683381825,75,45,1.889652533978347,75,45,"{""TOO_FEW_POINTS"":582,""TOO_SHORT_LENGTH"":1545}","{""TOO_FEW_POINTS"":1411,""TOO_SHORT_LENGTH"":6668}","{""ENDPOINT"":1412,""MISSING_FOLLOWING_OUTGOING_EDGE"":706,""UNCOMPUTABLE_DIRECTION_IN_WINDOW"":197}",True,original_record; pooled counts explicitly identified,33,0,False,False,"{""REJECTED_BY_CONSTRAINT"":5,""TRADEOFF"":82,""NO_DEMONSTRATED_GAIN"":33}","{""COMMON_COVERED_IDENTITIES_LOST"":87,""RAW_BREAKPOINT_CROSSED"":5,""COMMON_GEOMETRIC_PROTECTION_DEGRADED"":87,""RAW_WINDOW_COVERAGE_LOST"":23,""RECORD_COVERAGE_LOST"":12}",False,REJECTED_BY_CONSTRAINT
parameter_development,g2-development-parameters-02,DEVELOPMENT,296d7d58dda9c860e2762e3eefca0c7fcfd3644b102c50918356934e15749df9,cfg-3f2e270c7b010996,S-D-P,15,800,5,65,35,5,3bcf099e71605a2892cb440b794325c3f7d1de29ebef2ef2bb3c0aee7716e040,VERIFIED,"[{""experiment_id"":""G2-PARAM-TIME-DISTANCE"",""dt"":15,""distance"":800}]",11777,2482,7170,191,1934,4416,2482,0,2407,1702,11777,4588,7189,113,224,6,9,197,344,201,191,2312,15,4,120,75,45,45,0.21074976649401375,,0.625,,0.375,,0.375,,0.38957289632334213,,0.4379528985507246,,4.999018313158629,,187.6375419804648,,0.20998270201825162,120,0,0.4156605926489203,75,45,0.3827956017304311,120,0,21.926027683381825,75,45,1.8961504908862261,75,45,"{""TOO_FEW_POINTS"":580,""TOO_SHORT_LENGTH"":1543}","{""TOO_FEW_POINTS"":1409,""TOO_SHORT_LENGTH"":6666}","{""ENDPOINT"":1410,""MISSING_FOLLOWING_OUTGOING_EDGE"":705,""UNCOMPUTABLE_DIRECTION_IN_WINDOW"":197}",True,original_record; pooled counts explicitly identified,33,0,False,False,"{""REJECTED_BY_CONSTRAINT"":5,""TRADEOFF"":82,""NO_DEMONSTRATED_GAIN"":33}","{""COMMON_COVERED_IDENTITIES_LOST"":87,""RAW_BREAKPOINT_CROSSED"":5,""COMMON_GEOMETRIC_PROTECTION_DEGRADED"":87,""RAW_WINDOW_COVERAGE_LOST"":23,""RECORD_COVERAGE_LOST"":12}",False,REJECTED_BY_CONSTRAINT
parameter_development,g2-development-parameters-02,DEVELOPMENT,4b29e88405bd9e4a9995496dfd6d4260f8354ae312d6b6be8619ba282950270f,cfg-522fba6abbf5d1bc,S-D-P,20,95,5,65,35,5,c426d2594e07cd68c6d2d706022cad74b0040d21f54140a2611025ed7f0ecf42,VERIFIED,"[{""experiment_id"":""G2-PARAM-TIME-DISTANCE"",""dt"":20,""distance"":95}]",11777,1268,7482,455,2572,3840,1268,0,3117,2827,11777,4295,7482,112,224,0,0,415,344,104,455,1738,0,0,120,78,42,42,0.107667487475588,,0.65,,0.35,,0.35,,0.36469389487985054,,0.6697916666666667,,4.973122803946776,,90.05853344324127,,0.10483785140066634,120,0,0.627432900734564,78,42,0.3520707960263516,120,0,11.26504111173547,78,42,1.5392865153107398,78,42,"{""TOO_FEW_POINTS"":2574,""TOO_SHORT_LENGTH"":2642}","{""TOO_FEW_POINTS"":3234,""TOO_SHORT_LENGTH"":6930}","{""ENDPOINT"":580,""MISSING_FOLLOWING_OUTGOING_EDGE"":290,""UNCOMPUTABLE_DIRECTION_IN_WINDOW"":868}",True,original_record; pooled counts explicitly identified,35,0,False,False,"{""TRADEOFF"":85,""NO_DEMONSTRATED_GAIN"":35}","{""COMMON_COVERED_IDENTITIES_LOST"":85,""RECORD_COVERAGE_LOST"":9,""RAW_WINDOW_COVERAGE_LOST"":31,""COMMON_GEOMETRIC_PROTECTION_DEGRADED"":85}",False,TRADEOFF
parameter_development,g2-development-parameters-02,DEVELOPMENT,071ddab6b4f75bb64a2fb375f1c31ecda9dae8c7724e1184b6c1740bf0e4ae88,cfg-9733e27113ed91ea,S-D-P,20,200,5,65,35,5,b8dadef79ee4ebf0a799f972c214dbd60f65cdfa6991c0618c3cc5ef83201c3f,VERIFIED,"[{""experiment_id"":""G2-PARAM-TIME-DISTANCE"",""dt"":20,""distance"":200}]",11777,2226,5196,530,3825,6051,2226,0,1520,1117,11777,6581,5196,159,224,0,0,354,344,136,530,2346,0,0,120,85,35,35,0.18901248195635562,,0.7083333333333334,,0.2916666666666667,,0.2916666666666667,,0.5588010528997198,,0.6321269211700545,,4.985450304183628,,122.91953857502655,,0.1857492500947856,120,0,0.6079084487774208,85,35,0.5410515065605068,120,0,16.079989467550913,85,35,1.8679285322265946,85,35,"{""TOO_FEW_POINTS"":911,""TOO_SHORT_LENGTH"":964}","{""TOO_FEW_POINTS"":1313,""TOO_SHORT_LENGTH"":4746}","{""ENDPOINT"":806,""MISSING_FOLLOWING_OUTGOING_EDGE"":403,""UNCOMPUTABLE_DIRECTION_IN_WINDOW"":1137}",True,original_record; pooled counts explicitly identified,39,1,False,True,"{""TRADEOFF"":81,""SUPPORTED_WITHIN_SCOPE"":1,""NO_DEMONSTRATED_GAIN"":38}","{""COMMON_COVERED_IDENTITIES_LOST"":81,""RAW_WINDOW_COVERAGE_LOST"":20,""COMMON_GEOMETRIC_PROTECTION_DEGRADED"":81,""RECORD_COVERAGE_LOST"":2}",False,TRADEOFF
parameter_development,g2-development-parameters-02,DEVELOPMENT,38760fe0f69bd7e9b4f63f62e08f2074c52fa655c2aef16a255d010d5144ba34,cfg-857da90ed04ebbbe,S-D-P,20,600,5,65,35,5,6462015e7f9fb98080d9bf11a50bffc92981640b9c9da088a8b6deb0efd5114f,VERIFIED,"[{""experiment_id"":""G2-PARAM-TIME-DISTANCE"",""dt"":20,""distance"":600}]",11777,2595,4117,572,4493,7088,2595,0,630,326,11777,7465,4312,187,224,87,89,190,344,242,572,2111,256,74,120,87,33,33,0.22034473974696442,,0.725,,0.275,,0.275,,0.6338626135688206,,0.6338882618510158,,4.9960113231523335,,187.6375419804648,,0.2237504150239517,120,0,0.6259387596081627,87,33,0.6230648471412472,120,0,22.45295519811054,87,33,1.8951842807434958,87,33,"{""TOO_SHORT_LENGTH"":287,""TOO_FEW_POINTS"":126}","{""TOO_SHORT_LENGTH"":3987,""TOO_FEW_POINTS"":304}","{""ENDPOINT"":608,""MISSING_FOLLOWING_OUTGOING_EDGE"":304,""UNCOMPUTABLE_DIRECTION_IN_WINDOW"":1199}",True,original_record; pooled counts explicitly identified,54,3,False,True,"{""REJECTED_BY_CONSTRAINT"":20,""TRADEOFF"":46,""NO_DEMONSTRATED_GAIN"":51,""SUPPORTED_WITHIN_SCOPE"":3}","{""COMMON_COVERED_IDENTITIES_LOST"":63,""RAW_BREAKPOINT_CROSSED"":20,""COMMON_GEOMETRIC_PROTECTION_DEGRADED"":64,""RAW_WINDOW_COVERAGE_LOST"":1}",False,REJECTED_BY_CONSTRAINT
parameter_development,g2-development-parameters-02,DEVELOPMENT,feb12cd1ad7af05fb5d502bcc7a553cadcc599486492b4973b5984bbf0390d4f,cfg-43be70fbb61e9927,S-D-P,20,800,5,65,35,5,1cc929500e01b2b5e8cd01e356487729356ebe0f8353961e65708d7e58461e9f,VERIFIED,"[{""experiment_id"":""G2-PARAM-TIME-DISTANCE"",""dt"":20,""distance"":800}]",11777,2594,4115,576,4492,7086,2594,0,627,324,11777,7459,4318,187,224,87,92,193,344,241,576,2108,261,75,120,87,33,33,0.2202598284792392,,0.725,,0.275,,0.275,,0.6333531459624692,,0.6339260513688965,,4.9960113231523335,,187.6375419804648,,0.2236241523976891,120,0,0.6259579166962853,87,33,0.6223072713836715,120,0,22.45295519811054,87,33,1.899893890945978,87,33,"{""TOO_SHORT_LENGTH"":285,""TOO_FEW_POINTS"":124}","{""TOO_SHORT_LENGTH"":3985,""TOO_FEW_POINTS"":302}","{""ENDPOINT"":606,""MISSING_FOLLOWING_OUTGOING_EDGE"":303,""UNCOMPUTABLE_DIRECTION_IN_WINDOW"":1199}",True,original_record; pooled counts explicitly identified,54,3,False,True,"{""REJECTED_BY_CONSTRAINT"":20,""TRADEOFF"":46,""NO_DEMONSTRATED_GAIN"":51,""SUPPORTED_WITHIN_SCOPE"":3}","{""COMMON_COVERED_IDENTITIES_LOST"":64,""RAW_BREAKPOINT_CROSSED"":20,""COMMON_GEOMETRIC_PROTECTION_DEGRADED"":65,""RAW_WINDOW_COVERAGE_LOST"":1}",False,REJECTED_BY_CONSTRAINT
parameter_development,g2-development-parameters-02,DEVELOPMENT,43e75600e7075794344c77a864fa35409cf5e19bcb6668c873bac10817d760dd,cfg-a44fa1691cdad5d4,S-D-P,45,95,5,65,35,5,3841d6d35d13c654a5302a444f0afbb2d6fca09e9412d4e0055acddfb0eb4288,VERIFIED,"[{""experiment_id"":""G2-PARAM-TIME-DISTANCE"",""dt"":45,""distance"":95}]",11777,1351,6664,550,3212,4563,1351,0,2862,2579,11777,5020,6757,124,224,7,7,415,344,109,550,2059,17,4,120,79,41,41,0.11471512269678186,,0.6583333333333333,,0.3416666666666667,,0.3416666666666667,,0.4262545639806402,,0.7039228577690115,,4.995723520935228,,90.05853344324127,,0.11148167317906035,120,0,0.657636298949762,79,41,0.4114410373596454,120,0,11.736896225658265,79,41,1.5426354608014659,79,41,"{""TOO_FEW_POINTS"":2489,""TOO_SHORT_LENGTH"":2405}","{""TOO_FEW_POINTS"":3041,""TOO_SHORT_LENGTH"":6142}","{""ENDPOINT"":566,""MISSING_FOLLOWING_OUTGOING_EDGE"":283,""UNCOMPUTABLE_DIRECTION_IN_WINDOW"":1210}",True,original_record; pooled counts explicitly identified,46,2,False,True,"{""TRADEOFF"":69,""REJECTED_BY_CONSTRAINT"":5,""NO_DEMONSTRATED_GAIN"":44,""SUPPORTED_WITHIN_SCOPE"":2}","{""COMMON_COVERED_IDENTITIES_LOST"":73,""RECORD_COVERAGE_LOST"":9,""RAW_WINDOW_COVERAGE_LOST"":30,""COMMON_GEOMETRIC_PROTECTION_DEGRADED"":73,""RAW_BREAKPOINT_CROSSED"":5}",False,REJECTED_BY_CONSTRAINT
parameter_development,g2-development-parameters-02,DEVELOPMENT,463cb4d63e0e3b7958011e86ed3cdce80686ff82fe16efbc2c96f10af3e5882e,cfg-90310668f6147653,S-D-P,45,200,5,65,35,5,9304d973de288519b57dd3e93bf233be946d706339514bffdce4750bf03c1707,VERIFIED,"[{""experiment_id"":""G2-PARAM-TIME-DISTANCE"",""dt"":45,""distance"":200}]",11777,2262,4275,642,4598,6860,2262,0,1194,862,11777,7402,4375,183,224,11,11,349,344,145,642,2571,25,6,120,86,34,34,0.1920692875944638,,0.7166666666666667,,0.2833333333333333,,0.2833333333333333,,0.6285132037021313,,0.6702623906705539,,4.999018313158629,,122.91953857502655,,0.18953014623997635,120,0,0.637407200023695,86,34,0.6086419323226726,120,0,18.759656776548166,86,34,1.9213713996854969,86,34,"{""TOO_FEW_POINTS"":815,""TOO_SHORT_LENGTH"":738}","{""TOO_FEW_POINTS"":1074,""TOO_SHORT_LENGTH"":3924}","{""ENDPOINT"":664,""MISSING_FOLLOWING_OUTGOING_EDGE"":332,""UNCOMPUTABLE_DIRECTION_IN_WINDOW"":1575}",True,original_record; pooled counts explicitly identified,62,2,False,True,"{""TRADEOFF"":50,""NO_DEMONSTRATED_GAIN"":60,""SUPPORTED_WITHIN_SCOPE"":2,""REJECTED_BY_CONSTRAINT"":8}","{""COMMON_COVERED_IDENTITIES_LOST"":54,""RAW_WINDOW_COVERAGE_LOST"":19,""COMMON_GEOMETRIC_PROTECTION_DEGRADED"":55,""RECORD_COVERAGE_LOST"":2,""RAW_BREAKPOINT_CROSSED"":8}",False,REJECTED_BY_CONSTRAINT
parameter_development,g2-development-parameters-02,DEVELOPMENT,7681487ad48c6b2a2f21d56099e474f113ffa3839ddbd3e82f10ad68d03df36b,cfg-7380d059299db45a,S-D-P,45,600,5,65,35,5,baaadf57f6d992d64fb8d9151b44c99ec21cb0482a6eceb9e5e5672f7125c9dc,VERIFIED,"[{""experiment_id"":""G2-PARAM-TIME-DISTANCE"",""dt"":45,""distance"":600}]",11777,2578,3135,691,5373,7951,2578,0,182,61,11777,8183,3594,218,224,145,150,193,344,266,691,2049,418,118,120,88,32,32,0.21890124819563556,,0.7333333333333333,,0.26666666666666666,,0.26666666666666666,,0.6948289037955336,,0.6757640548358697,,4.9986060576982725,,187.6375419804648,,0.22357153959402523,120,0,0.6616574331165723,88,32,0.6825936817527796,120,0,26.683741045965267,88,32,2.041167903078867,88,32,"{""TOO_FEW_POINTS"":19,""TOO_SHORT_LENGTH"":57}","{""TOO_FEW_POINTS"":34,""TOO_SHORT_LENGTH"":3123}","{""ENDPOINT"":242,""MISSING_FOLLOWING_OUTGOING_EDGE"":121,""UNCOMPUTABLE_DIRECTION_IN_WINDOW"":1686}",True,original_record; pooled counts explicitly identified,83,0,False,False,"{""REJECTED_BY_CONSTRAINT"":37,""NO_DEMONSTRATED_GAIN"":83}","{""COMMON_COVERED_IDENTITIES_LOST"":32,""RAW_BREAKPOINT_CROSSED"":37,""COMMON_GEOMETRIC_PROTECTION_DEGRADED"":32}",False,REJECTED_BY_CONSTRAINT
parameter_development,g2-development-parameters-02,DEVELOPMENT,0a0d3874d3aa01a278c0b717c87b8710707262b4ceb498f5cf8cca54f5dc4e31,cfg-4ba6fa8d8c11a024,S-D-P,45,800,5,65,35,5,bcc5d2a7badd4d07f03d4bd4d8a1fcbdfda8c653a1e078adaef506fd3dccc78c,VERIFIED,"[{""experiment_id"":""G2-PARAM-TIME-DISTANCE"",""dt"":45,""distance"":800}]",11777,2572,3129,695,5381,7953,2572,0,168,57,11777,8155,3622,218,224,156,164,204,344,267,695,2019,454,129,120,88,32,32,0.21839178058928418,,0.7333333333333333,,0.26666666666666666,,0.26666666666666666,,0.6924513882992273,,0.676600025147743,,4.9986060576982725,,187.6375419804648,,0.22304970168248145,120,0,0.6624055536906963,88,32,0.6800849818820384,120,0,26.683741045965267,88,32,2.0426122549743804,88,32,"{""TOO_FEW_POINTS"":15,""TOO_SHORT_LENGTH"":54}","{""TOO_FEW_POINTS"":28,""TOO_SHORT_LENGTH"":3120}","{""ENDPOINT"":222,""MISSING_FOLLOWING_OUTGOING_EDGE"":111,""UNCOMPUTABLE_DIRECTION_IN_WINDOW"":1686}",True,original_record; pooled counts explicitly identified,83,0,False,False,"{""REJECTED_BY_CONSTRAINT"":37,""NO_DEMONSTRATED_GAIN"":83}","{""COMMON_COVERED_IDENTITIES_LOST"":34,""RAW_BREAKPOINT_CROSSED"":37,""COMMON_GEOMETRIC_PROTECTION_DEGRADED"":34}",False,REJECTED_BY_CONSTRAINT
parameter_development,g2-development-parameters-02,DEVELOPMENT,6103c294dd76e2c3f7891fd6b67cf188463950e2f1cf36b12768b1a573c790b5,cfg-56d9babc85c51d64,S-D-P,60,95,5,65,35,5,35defb4ff8a068add34119738385e7591afb69734d266ffb584c06eb395e92e2,VERIFIED,"[{""experiment_id"":""G2-PARAM-TIME-DISTANCE"",""dt"":60,""distance"":95}]",11777,1356,6637,551,3233,4589,1356,0,2857,2573,11777,5043,6734,124,224,8,8,413,344,111,551,2062,20,5,120,80,40,40,0.115139679035408,,0.6666666666666666,,0.3333333333333333,,0.3333333333333333,,0.42820752313832044,,0.7045107866637612,,4.995723520935228,,90.05853344324127,,0.11194463614202331,120,0,0.6595119990590439,80,40,0.413570666989275,120,0,11.632970046795133,80,40,1.5330841747783328,80,40,"{""TOO_FEW_POINTS"":2487,""TOO_SHORT_LENGTH"":2399}","{""TOO_FEW_POINTS"":3035,""TOO_SHORT_LENGTH"":6115}","{""ENDPOINT"":568,""MISSING_FOLLOWING_OUTGOING_EDGE"":284,""UNCOMPUTABLE_DIRECTION_IN_WINDOW"":1210}",True,original_record; pooled counts explicitly identified,45,2,False,True,"{""TRADEOFF"":69,""REJECTED_BY_CONSTRAINT"":6,""NO_DEMONSTRATED_GAIN"":43,""SUPPORTED_WITHIN_SCOPE"":2}","{""COMMON_COVERED_IDENTITIES_LOST"":73,""RECORD_COVERAGE_LOST"":9,""RAW_WINDOW_COVERAGE_LOST"":30,""COMMON_GEOMETRIC_PROTECTION_DEGRADED"":73,""RAW_BREAKPOINT_CROSSED"":6}",False,REJECTED_BY_CONSTRAINT
parameter_development,g2-development-parameters-02,DEVELOPMENT,425711d1589ad26a62c919e87c57caa0df18acd967e9282940c5126905a46335,cfg-b3034e58a529fd4a,S-D-P,60,200,5,65,35,5,4c9b500db4863a21af1f9a9986e29f38b2a60d8bc8ab19421f91ee855f7870bb,VERIFIED,"[{""experiment_id"":""G2-PARAM-TIME-DISTANCE"",""dt"":60,""distance"":200}]",11777,2267,4248,643,4619,6886,2267,0,1189,856,11777,7425,4352,183,224,12,12,347,344,147,643,2574,28,7,120,87,33,33,0.1924938439330899,,0.725,,0.275,,0.275,,0.6304661628598115,,0.6707812953819343,,4.999018313158629,,122.91953857502655,,0.1899931092029393,120,0,0.63936450011184,87,33,0.6107715619523021,120,0,18.583371088502876,87,33,1.9082353212862477,87,33,"{""TOO_FEW_POINTS"":813,""TOO_SHORT_LENGTH"":732}","{""TOO_FEW_POINTS"":1068,""TOO_SHORT_LENGTH"":3897}","{""ENDPOINT"":666,""MISSING_FOLLOWING_OUTGOING_EDGE"":333,""UNCOMPUTABLE_DIRECTION_IN_WINDOW"":1575}",True,original_record; pooled counts explicitly identified,61,2,False,True,"{""TRADEOFF"":50,""NO_DEMONSTRATED_GAIN"":59,""SUPPORTED_WITHIN_SCOPE"":2,""REJECTED_BY_CONSTRAINT"":9}","{""COMMON_COVERED_IDENTITIES_LOST"":54,""RAW_WINDOW_COVERAGE_LOST"":19,""COMMON_GEOMETRIC_PROTECTION_DEGRADED"":55,""RECORD_COVERAGE_LOST"":2,""RAW_BREAKPOINT_CROSSED"":9}",False,REJECTED_BY_CONSTRAINT
parameter_development,g2-development-parameters-02,DEVELOPMENT,ca28d8b46373ef7ec68a23f703ac726ebdfa99b8f1e0b3e3bb8175c282ac3f38,cfg-060195700887c44a,S-D-P,60,600,5,65,35,5,7d789cce354adb0a362ac6180117ccf01465401465aa86aa09dc445ade2a0027,VERIFIED,"[{""experiment_id"":""G2-PARAM-TIME-DISTANCE"",""dt"":60,""distance"":600}]",11777,2583,3105,692,5397,7980,2583,0,175,54,11777,8206,3571,218,224,148,153,191,344,269,692,2049,427,120,120,89,31,31,0.2193258045342617,,0.7416666666666667,,0.25833333333333336,,0.25833333333333336,,0.6967818629532139,,0.6763157894736842,,4.9986060576982725,,187.6375419804648,,0.22402640879889446,120,0,0.6634622572595952,89,31,0.6847111707452687,120,0,26.422382179343273,89,31,2.0281712878782763,89,31,"{""TOO_FEW_POINTS"":16,""TOO_SHORT_LENGTH"":51}","{""TOO_FEW_POINTS"":25,""TOO_SHORT_LENGTH"":3096}","{""ENDPOINT"":242,""MISSING_FOLLOWING_OUTGOING_EDGE"":121,""UNCOMPUTABLE_DIRECTION_IN_WINDOW"":1686}",True,original_record; pooled counts explicitly identified,82,0,False,False,"{""REJECTED_BY_CONSTRAINT"":38,""NO_DEMONSTRATED_GAIN"":82}","{""COMMON_COVERED_IDENTITIES_LOST"":32,""RAW_BREAKPOINT_CROSSED"":38,""COMMON_GEOMETRIC_PROTECTION_DEGRADED"":32}",False,REJECTED_BY_CONSTRAINT
parameter_development,g2-development-parameters-02,DEVELOPMENT,67a421ae99593bb83f5143ab77b5c1d721af318889e144d1f57242d275ff83e1,cfg-628483ab24c0b6b1,S-D-P,60,800,5,65,35,5,036250bf98dde68ebfe10791838c3c6b0a35a255e6633035d2e3b1c637d1c312,VERIFIED,"[{""experiment_id"":""G2-PARAM-TIME-DISTANCE"",""dt"":60,""distance"":800}]",11777,2578,3099,696,5404,7982,2578,0,161,50,11777,8179,3598,218,224,159,167,202,344,270,696,2019,463,131,120,89,31,31,0.21890124819563556,,0.7416666666666667,,0.25833333333333336,,0.25833333333333336,,0.6944892587246327,,0.6770233024304686,,4.9986060576982725,,187.6375419804648,,0.22358874597152575,120,0,0.6640849307860698,89,31,0.6822866459587025,120,0,26.422382179343273,89,31,2.029279389955766,89,31,"{""TOO_FEW_POINTS"":12,""TOO_SHORT_LENGTH"":48}","{""TOO_FEW_POINTS"":19,""TOO_SHORT_LENGTH"":3093}","{""ENDPOINT"":222,""MISSING_FOLLOWING_OUTGOING_EDGE"":111,""UNCOMPUTABLE_DIRECTION_IN_WINDOW"":1686}",True,original_record; pooled counts explicitly identified,82,0,False,False,"{""REJECTED_BY_CONSTRAINT"":38,""NO_DEMONSTRATED_GAIN"":82}","{""COMMON_COVERED_IDENTITIES_LOST"":34,""RAW_BREAKPOINT_CROSSED"":38,""COMMON_GEOMETRIC_PROTECTION_DEGRADED"":34}",False,REJECTED_BY_CONSTRAINT
parameter_development,g2-development-parameters-02,DEVELOPMENT,d99233a84459a0fd87ad7d4f2d1b67497ed1dc418b4abe3021b63d27017887ff,cfg-1e535c3fe3cc8ae1,S-D-P,30,400,2,0,35,5,27f8ce7109c7a6921dfe9cffe15f9d4dd80718606ef1fb5a66085d5df7bc1063,VERIFIED,"[{""experiment_id"":""G2-PARAM-POINTS-LENGTH"",""min_points"":2,""min_length"":0}]",11777,2812,22,711,8232,11044,2812,0,344,22,11777,11755,22,217,224,0,0,22,344,322,711,5341,0,0,120,120,0,0,0.2387704848433387,,1.0,,0.0,,0.0,,0.998131952110045,,0.7453821079319087,,4.9960113231523335,,187.6375419804648,,0.2462043098344276,120,0,0.7313684519866441,120,0,0.9973363131522724,120,0,19.630107297708424,120,0,1.547787293629923,120,0,"{""TOO_FEW_POINTS"":22}","{""TOO_FEW_POINTS"":22}","{""ENDPOINT"":644,""MISSING_FOLLOWING_OUTGOING_EDGE"":306,""UNCOMPUTABLE_DIRECTION_IN_WINDOW"":4391}",True,original_record; pooled counts explicitly identified,120,54,True,True,"{""SUPPORTED_WITHIN_SCOPE"":54,""NO_DEMONSTRATED_GAIN"":66}",{},False,SUPPORTED_WITHIN_SCOPE
parameter_development,g2-development-parameters-02,DEVELOPMENT,11556f858e3b92333d8d07ce747d7fb257f2c6a67d03f5390f6984b5963b4119,cfg-81a89e633001f457,S-D-P,30,400,2,32.5,35,5,2123ef5eafa68fd0658f443e84135f9fe9cd858c68c980bbf1c467ce9842105c,VERIFIED,"[{""experiment_id"":""G2-PARAM-POINTS-LENGTH"",""min_points"":2,""min_length"":32.5}]",11777,2701,2926,704,5446,8147,2701,0,344,77,11777,8851,2926,217,224,0,0,72,344,267,704,2467,0,0,120,91,29,29,0.2293453341258385,,0.7583333333333333,,0.24166666666666667,,0.24166666666666667,,0.7515496306359853,,0.668466920338775,,4.9960113231523335,,187.6375419804648,,0.2352697282937612,120,0,0.6566903499027099,91,29,0.7419913714435595,120,0,25.46521519150838,91,29,1.9060931703954933,91,29,"{""TOO_FEW_POINTS"":22,""TOO_SHORT_LENGTH"":77}","{""TOO_FEW_POINTS"":22,""TOO_SHORT_LENGTH"":2926}","{""ENDPOINT"":534,""MISSING_FOLLOWING_OUTGOING_EDGE"":256,""UNCOMPUTABLE_DIRECTION_IN_WINDOW"":1677}",True,original_record; pooled counts explicitly identified,120,23,True,True,"{""SUPPORTED_WITHIN_SCOPE"":23,""NO_DEMONSTRATED_GAIN"":97}",{},False,SUPPORTED_WITHIN_SCOPE
parameter_development,g2-development-parameters-02,DEVELOPMENT,d4053be1010513909871fa10a6d178c56f82dd1ca9bb4b8f6341d5a5b8684558,cfg-3096d8e282282635,S-D-P,30,400,2,97.5,35,5,70103c724095df4d0ded39106c0bee0592f5523fdeb7117e3db7fea2a0d450f6,VERIFIED,"[{""experiment_id"":""G2-PARAM-POINTS-LENGTH"",""min_points"":2,""min_length"":97.5}]",11777,2670,3366,631,5110,7780,2670,0,344,88,11777,8411,3366,214,224,0,0,86,344,256,631,2395,0,0,120,86,34,34,0.22671308482635646,,0.7166666666666667,,0.2833333333333333,,0.2833333333333333,,0.7141886728368855,,0.6568123393316195,,4.9960113231523335,,187.6375419804648,,0.2316523839076519,120,0,0.642218092660606,86,34,0.703126188216874,120,0,26.662111450866202,86,34,1.9496850997694712,86,34,"{""TOO_FEW_POINTS"":22,""TOO_SHORT_LENGTH"":88}","{""TOO_FEW_POINTS"":22,""TOO_SHORT_LENGTH"":3366}","{""ENDPOINT"":512,""MISSING_FOLLOWING_OUTGOING_EDGE"":246,""UNCOMPUTABLE_DIRECTION_IN_WINDOW"":1637}",True,original_record; pooled counts explicitly identified,119,17,False,True,"{""SUPPORTED_WITHIN_SCOPE"":17,""NO_DEMONSTRATED_GAIN"":102,""TRADEOFF"":1}","{""COMMON_COVERED_IDENTITIES_LOST"":1,""RECORD_COVERAGE_LOST"":1,""RAW_WINDOW_COVERAGE_LOST"":1,""COMMON_GEOMETRIC_PROTECTION_DEGRADED"":1}",False,TRADEOFF
parameter_development,g2-development-parameters-02,DEVELOPMENT,0f57b0fc5c338c74b382256f5e208a72b5d0f14581c6b5e1424c5713050c08ad,cfg-7b664c0314ac01a9,S-D-P,30,400,2,130,35,5,1bb748ae51b0a8c2b47ff17749823b86a84eb1a7120c04089b4e5f028b6860e2,VERIFIED,"[{""experiment_id"":""G2-PARAM-POINTS-LENGTH"",""min_points"":2,""min_length"":130}]",11777,2662,3469,609,5037,7699,2662,0,344,90,11777,8308,3469,212,224,0,0,88,344,254,609,2389,0,0,120,85,35,35,0.22603379468455465,,0.7083333333333334,,0.2916666666666667,,0.2916666666666667,,0.7054428122611871,,0.6542408104948695,,4.9960113231523335,,187.6375419804648,,0.23091083801393208,120,0,0.6390772698191068,85,35,0.694430536042961,120,0,26.91272938525412,85,35,1.9552156862692862,85,35,"{""TOO_FEW_POINTS"":22,""TOO_SHORT_LENGTH"":90}","{""TOO_FEW_POINTS"":22,""TOO_SHORT_LENGTH"":3469}","{""ENDPOINT"":508,""MISSING_FOLLOWING_OUTGOING_EDGE"":244,""UNCOMPUTABLE_DIRECTION_IN_WINDOW"":1637}",True,original_record; pooled counts explicitly identified,118,16,False,True,"{""SUPPORTED_WITHIN_SCOPE"":16,""NO_DEMONSTRATED_GAIN"":102,""TRADEOFF"":2}","{""COMMON_COVERED_IDENTITIES_LOST"":2,""RECORD_COVERAGE_LOST"":2,""RAW_WINDOW_COVERAGE_LOST"":2,""COMMON_GEOMETRIC_PROTECTION_DEGRADED"":2}",False,TRADEOFF
parameter_development,g2-development-parameters-02,DEVELOPMENT,878eff9865add1bb06706e702fcae66a426c6a17bf69907c6987c7a951ae05ab,cfg-a676557c7da6251e,S-D-P,30,400,3,0,35,5,e490f6fb0b2b17b6ccff918c7018ad77b96ffa02d8a8c1ca62b357d725eb0b56,VERIFIED,"[{""experiment_id"":""G2-PARAM-POINTS-LENGTH"",""min_points"":3,""min_length"":0}]",11777,2780,54,711,8232,11012,2780,0,344,38,11777,11723,54,217,224,0,0,48,344,306,711,5309,0,0,120,120,0,0,0.23605332427613143,,1.0,,0.0,,0.0,,0.9954147915428377,,0.7475481293134763,,4.9960113231523335,,187.6375419804648,,0.24199135043163977,120,0,0.7336324156345476,120,0,0.9931233537494847,120,0,19.630107297708424,120,0,1.561307010025798,120,0,"{""TOO_FEW_POINTS"":38}","{""TOO_FEW_POINTS"":54}","{""ENDPOINT"":612,""MISSING_FOLLOWING_OUTGOING_EDGE"":306,""UNCOMPUTABLE_DIRECTION_IN_WINDOW"":4391}",True,original_record; pooled counts explicitly identified,120,49,True,True,"{""NO_DEMONSTRATED_GAIN"":71,""SUPPORTED_WITHIN_SCOPE"":49}",{},False,SUPPORTED_WITHIN_SCOPE
parameter_development,g2-development-parameters-02,DEVELOPMENT,a0ec3e4bad4d254b5d4141d266d6268456d6dcc34535df6df2c800e0f6db24f9,cfg-901645379df0db06,S-D-P,30,400,3,32.5,35,5,7919acb339c78dcfd0230eaaf0172aace3145709c1424e92104f53a93c11e8ec,VERIFIED,"[{""experiment_id"":""G2-PARAM-POINTS-LENGTH"",""min_points"":3,""min_length"":32.5}]",11777,2679,2948,704,5446,8125,2679,0,344,88,11777,8829,2948,217,224,0,0,90,344,256,704,2445,0,0,120,91,29,29,0.2274772862358835,,0.7583333333333333,,0.24166666666666667,,0.24166666666666667,,0.7496815827460304,,0.6702769230769231,,4.9960113231523335,,187.6375419804648,,0.2324872034612425,120,0,0.6582376352596255,91,29,0.7392088466110409,120,0,25.46521519150838,91,29,1.9176406519479003,91,29,"{""TOO_FEW_POINTS"":38,""TOO_SHORT_LENGTH"":77}","{""TOO_FEW_POINTS"":54,""TOO_SHORT_LENGTH"":2926}","{""ENDPOINT"":512,""MISSING_FOLLOWING_OUTGOING_EDGE"":256,""UNCOMPUTABLE_DIRECTION_IN_WINDOW"":1677}",True,original_record; pooled counts explicitly identified,120,18,True,True,"{""NO_DEMONSTRATED_GAIN"":102,""SUPPORTED_WITHIN_SCOPE"":18}",{},False,SUPPORTED_WITHIN_SCOPE
parameter_development,g2-development-parameters-02,DEVELOPMENT,5c19d57e03fd0b1d8595ace294426de7c660d2911aef3caf79b6918d21582067,cfg-4ad6ba13aaf512f3,S-D-P,30,400,3,97.5,35,5,355e9fc57daec88b42198ef9f1059c9136b1e2109d6798750a099dba4685097d,VERIFIED,"[{""experiment_id"":""G2-PARAM-POINTS-LENGTH"",""min_points"":3,""min_length"":97.5}]",11777,2650,3386,631,5110,7760,2650,0,344,98,11777,8391,3386,214,224,0,0,102,344,246,631,2375,0,0,120,86,34,34,0.2250148594718519,,0.7166666666666667,,0.2833333333333333,,0.2833333333333333,,0.7124904474823809,,0.6585051546391752,,4.9960113231523335,,187.6375419804648,,0.22933282203809616,120,0,0.643502975651028,86,34,0.7008066263473183,120,0,26.662111450866202,86,34,1.9549384209967717,86,34,"{""TOO_FEW_POINTS"":38,""TOO_SHORT_LENGTH"":88}","{""TOO_FEW_POINTS"":54,""TOO_SHORT_LENGTH"":3366}","{""ENDPOINT"":492,""MISSING_FOLLOWING_OUTGOING_EDGE"":246,""UNCOMPUTABLE_DIRECTION_IN_WINDOW"":1637}",True,original_record; pooled counts explicitly identified,119,13,False,True,"{""NO_DEMONSTRATED_GAIN"":106,""SUPPORTED_WITHIN_SCOPE"":13,""TRADEOFF"":1}","{""COMMON_COVERED_IDENTITIES_LOST"":1,""RECORD_COVERAGE_LOST"":1,""RAW_WINDOW_COVERAGE_LOST"":1,""COMMON_GEOMETRIC_PROTECTION_DEGRADED"":1}",False,TRADEOFF
parameter_development,g2-development-parameters-02,DEVELOPMENT,15b37ba41b4a2c1c9e7fecabf1732a4db6226fb2dcc18f73ce8bb5d7ee1208ca,cfg-b985b9509ecc8ff6,S-D-P,30,400,3,130,35,5,a6b827c4c4a6d2e89887b4bab50b2a6eb3e6dea6115e740c4a0d11670077ba13,VERIFIED,"[{""experiment_id"":""G2-PARAM-POINTS-LENGTH"",""min_points"":3,""min_length"":130}]",11777,2642,3489,609,5037,7679,2642,0,344,100,11777,8288,3489,212,224,0,0,104,344,244,609,2369,0,0,120,85,35,35,0.2243355693300501,,0.7083333333333334,,0.2916666666666667,,0.2916666666666667,,0.7037445869066825,,0.6559447844771454,,4.9960113231523335,,187.6375419804648,,0.22859127614437635,120,0,0.6403772690800044,85,35,0.6921109741734052,120,0,26.91272938525412,85,35,1.9605308112757314,85,35,"{""TOO_FEW_POINTS"":38,""TOO_SHORT_LENGTH"":90}","{""TOO_FEW_POINTS"":54,""TOO_SHORT_LENGTH"":3469}","{""ENDPOINT"":488,""MISSING_FOLLOWING_OUTGOING_EDGE"":244,""UNCOMPUTABLE_DIRECTION_IN_WINDOW"":1637}",True,original_record; pooled counts explicitly identified,118,12,False,True,"{""NO_DEMONSTRATED_GAIN"":106,""SUPPORTED_WITHIN_SCOPE"":12,""TRADEOFF"":2}","{""COMMON_COVERED_IDENTITIES_LOST"":2,""RECORD_COVERAGE_LOST"":2,""RAW_WINDOW_COVERAGE_LOST"":2,""COMMON_GEOMETRIC_PROTECTION_DEGRADED"":2}",False,TRADEOFF
parameter_development,g2-development-parameters-02,DEVELOPMENT,540a9336e03f29e158dcd82a2b5c61c3c627d31bfb5086501a14625fdaf93263,cfg-7de891c7d65fc173,S-D-P,30,400,7,0,35,5,ab1f3b25584a90b3b983e742cfcac0496ceddf7b020f1db2ea89960b3935a279,VERIFIED,"[{""experiment_id"":""G2-PARAM-POINTS-LENGTH"",""min_points"":7,""min_length"":0}]",11777,2478,520,708,8071,10549,2478,0,344,137,11777,11257,520,217,224,0,0,230,344,207,708,5004,0,0,120,120,0,0,0.21041012142311286,,1.0,,0.0,,0.0,,0.9558461407828819,,0.7650962176509621,,4.9960113231523335,,187.6375419804648,,0.21388445694313704,120,0,0.7405843491700856,120,0,0.9497092495856648,120,0,19.605097176156786,120,0,1.6079046091383025,120,0,"{""TOO_FEW_POINTS"":137}","{""TOO_FEW_POINTS"":520}","{""ENDPOINT"":414,""MISSING_FOLLOWING_OUTGOING_EDGE"":207,""UNCOMPUTABLE_DIRECTION_IN_WINDOW"":4383}",True,original_record; pooled counts explicitly identified,105,35,False,True,"{""TRADEOFF"":15,""NO_DEMONSTRATED_GAIN"":70,""SUPPORTED_WITHIN_SCOPE"":35}","{""COMMON_COVERED_IDENTITIES_LOST"":15,""RAW_WINDOW_COVERAGE_LOST"":15,""COMMON_GEOMETRIC_PROTECTION_DEGRADED"":15}",False,TRADEOFF
parameter_development,g2-development-parameters-02,DEVELOPMENT,b2ea2beffcf5a9af20d4922d6d0291b150829b75783d4da3b7188c8ff7e35ae6,cfg-9d355d795468065c,S-D-P,30,400,7,32.5,35,5,9b58caf8593469f82131b94cee9e65a2ac2032e38d99bb9a5788133ad4bf2a62,VERIFIED,"[{""experiment_id"":""G2-PARAM-POINTS-LENGTH"",""min_points"":7,""min_length"":32.5}]",11777,2389,3384,703,5301,7690,2389,0,344,181,11777,8393,3384,217,224,0,0,262,344,163,703,2166,0,0,120,91,29,29,0.20285301859556762,,0.7583333333333333,,0.24166666666666667,,0.24166666666666667,,0.7126602700178314,,0.689336801040312,,4.9960113231523335,,187.6375419804648,,0.20563668203060687,120,0,0.6661802539093343,91,29,0.6987919387417596,120,0,25.432234811440296,91,29,1.9756039647367438,91,29,"{""TOO_FEW_POINTS"":137,""TOO_SHORT_LENGTH"":77}","{""TOO_FEW_POINTS"":520,""TOO_SHORT_LENGTH"":2926}","{""ENDPOINT"":326,""MISSING_FOLLOWING_OUTGOING_EDGE"":163,""UNCOMPUTABLE_DIRECTION_IN_WINDOW"":1677}",True,original_record; pooled counts explicitly identified,105,4,False,True,"{""TRADEOFF"":15,""NO_DEMONSTRATED_GAIN"":101,""SUPPORTED_WITHIN_SCOPE"":4}","{""COMMON_COVERED_IDENTITIES_LOST"":15,""RAW_WINDOW_COVERAGE_LOST"":15,""COMMON_GEOMETRIC_PROTECTION_DEGRADED"":15}",False,TRADEOFF
parameter_development,g2-development-parameters-02,DEVELOPMENT,c5081584a5705ee09fac616f87fa844a443520136e8ee98985408d691e723220,cfg-69a9139380a0edd9,S-D-P,30,400,7,97.5,35,5,4d29ebd087acfd3ed114b40b44546d24770bc9f0724c40855aedb993399c8eca,VERIFIED,"[{""experiment_id"":""G2-PARAM-POINTS-LENGTH"",""min_points"":7,""min_length"":97.5}]",11777,2363,3819,630,4965,7328,2363,0,344,190,11777,7958,3819,214,224,0,0,273,344,154,630,2099,0,0,120,86,34,34,0.2006453256347117,,0.7166666666666667,,0.2833333333333333,,0.2833333333333333,,0.6757238685573576,,0.6775382096069869,,4.9960113231523335,,187.6375419804648,,0.20334436957297777,120,0,0.6514447256360864,86,34,0.6612517874435542,120,0,26.62721360684067,86,34,2.015264927002346,86,34,"{""TOO_FEW_POINTS"":137,""TOO_SHORT_LENGTH"":88}","{""TOO_FEW_POINTS"":520,""TOO_SHORT_LENGTH"":3366}","{""ENDPOINT"":308,""MISSING_FOLLOWING_OUTGOING_EDGE"":154,""UNCOMPUTABLE_DIRECTION_IN_WINDOW"":1637}",True,original_record; pooled counts explicitly identified,104,0,False,False,"{""TRADEOFF"":16,""NO_DEMONSTRATED_GAIN"":104}","{""COMMON_COVERED_IDENTITIES_LOST"":16,""RAW_WINDOW_COVERAGE_LOST"":16,""COMMON_GEOMETRIC_PROTECTION_DEGRADED"":16,""RECORD_COVERAGE_LOST"":1}",False,TRADEOFF
parameter_development,g2-development-parameters-02,DEVELOPMENT,d72cdaec3e2204dde16435ebd0606fe71b6f601dc3f3883eec07a02c6de3cd9b,cfg-15934b797839150f,S-D-P,30,400,7,130,35,5,7ca03ac41941855173605981f2c035d913500a7b3e8f66789bb9c67adacfa5da,VERIFIED,"[{""experiment_id"":""G2-PARAM-POINTS-LENGTH"",""min_points"":7,""min_length"":130}]",11777,2357,3919,608,4893,7250,2357,0,344,191,11777,7858,3919,212,224,0,0,273,344,153,608,2096,0,0,120,85,35,35,0.20013585802836037,,0.7083333333333334,,0.2916666666666667,,0.2916666666666667,,0.6672327417848348,,0.6748965517241379,,4.9960113231523335,,187.6375419804648,,0.20284436957297777,120,0,0.6482490527250176,85,35,0.6529184541102209,120,0,26.877420978357698,85,35,2.019564658420726,85,35,"{""TOO_FEW_POINTS"":137,""TOO_SHORT_LENGTH"":90}","{""TOO_FEW_POINTS"":520,""TOO_SHORT_LENGTH"":3469}","{""ENDPOINT"":306,""MISSING_FOLLOWING_OUTGOING_EDGE"":153,""UNCOMPUTABLE_DIRECTION_IN_WINDOW"":1637}",True,original_record; pooled counts explicitly identified,103,0,False,False,"{""TRADEOFF"":17,""NO_DEMONSTRATED_GAIN"":103}","{""COMMON_COVERED_IDENTITIES_LOST"":17,""RAW_WINDOW_COVERAGE_LOST"":17,""COMMON_GEOMETRIC_PROTECTION_DEGRADED"":17,""RECORD_COVERAGE_LOST"":2}",False,TRADEOFF
parameter_development,g2-development-parameters-02,DEVELOPMENT,293e1ffac33efddf71fa89b8b850a93030e536124685e4825274230f04e6f025,cfg-64af02f0e5043228,S-D-P,30,400,10,0,35,5,90ee5d75144e483b3975e04b85b06c70542b2d639a709f8bf42a9f5425a6f778,VERIFIED,"[{""experiment_id"":""G2-PARAM-POINTS-LENGTH"",""min_points"":10,""min_length"":0}]",11777,2397,688,701,7991,10388,2397,0,344,158,11777,11089,688,212,224,0,0,260,344,186,701,4916,0,0,120,120,0,0,0.20353230873736944,,1.0,,0.0,,0.0,,0.9415810478050437,,0.769252984212553,,4.9960113231523335,,187.6375419804648,,0.20673716634052527,120,0,0.7428935118911819,120,0,0.9344495068846282,120,0,19.07589626628542,120,0,1.526970285083113,120,0,"{""TOO_FEW_POINTS"":158}","{""TOO_FEW_POINTS"":688}","{""ENDPOINT"":372,""MISSING_FOLLOWING_OUTGOING_EDGE"":186,""UNCOMPUTABLE_DIRECTION_IN_WINDOW"":4358}",True,original_record; pooled counts explicitly identified,99,35,False,True,"{""TRADEOFF"":21,""NO_DEMONSTRATED_GAIN"":64,""SUPPORTED_WITHIN_SCOPE"":35}","{""COMMON_COVERED_IDENTITIES_LOST"":21,""RAW_WINDOW_COVERAGE_LOST"":21,""COMMON_GEOMETRIC_PROTECTION_DEGRADED"":21}",False,TRADEOFF
parameter_development,g2-development-parameters-02,DEVELOPMENT,00ff01802f74c85bb4c3c2519cac226dd1593ac9a50b5092e22b2085538cb792,cfg-00ad40b806af82f6,S-D-P,30,400,10,32.5,35,5,76283f0f10fb52e160fa82a6c07c1650f8a79d13e782706feef6cf1236f49c43,VERIFIED,"[{""experiment_id"":""G2-PARAM-POINTS-LENGTH"",""min_points"":10,""min_length"":32.5}]",11777,2320,3507,697,5253,7573,2320,0,344,196,11777,8270,3507,212,224,0,0,284,344,148,697,2115,0,0,120,91,29,29,0.19699414112252697,,0.7583333333333333,,0.24166666666666667,,0.24166666666666667,,0.7022161840876284,,0.6936484880496501,,4.9960113231523335,,187.6375419804648,,0.19949246523893246,120,0,0.6682318104954665,91,29,0.6872725703638581,120,0,24.734387457763766,91,29,1.8651930911171923,91,29,"{""TOO_FEW_POINTS"":158,""TOO_SHORT_LENGTH"":77}","{""TOO_FEW_POINTS"":688,""TOO_SHORT_LENGTH"":2926}","{""ENDPOINT"":296,""MISSING_FOLLOWING_OUTGOING_EDGE"":148,""UNCOMPUTABLE_DIRECTION_IN_WINDOW"":1671}",True,original_record; pooled counts explicitly identified,99,4,False,True,"{""TRADEOFF"":21,""NO_DEMONSTRATED_GAIN"":95,""SUPPORTED_WITHIN_SCOPE"":4}","{""COMMON_COVERED_IDENTITIES_LOST"":21,""RAW_WINDOW_COVERAGE_LOST"":21,""COMMON_GEOMETRIC_PROTECTION_DEGRADED"":21}",False,TRADEOFF
parameter_development,g2-development-parameters-02,DEVELOPMENT,02118254855b55c3b619d7523b3b47ebd9c321d5600f3c4b75c43d9e702b678e,cfg-76a4880c98ee54c6,S-D-P,30,400,10,97.5,35,5,321389e10ec0860b255c5c3ed22d3c0a36e831f7c93edc0cde9146c52f10418d,VERIFIED,"[{""experiment_id"":""G2-PARAM-POINTS-LENGTH"",""min_points"":10,""min_length"":97.5}]",11777,2294,3942,624,4917,7211,2294,0,344,205,11777,7835,3942,209,224,0,0,295,344,139,624,2048,0,0,120,86,34,34,0.19478644816167107,,0.7166666666666667,,0.2833333333333333,,0.2833333333333333,,0.6652797826271546,,0.6818749133268618,,4.9960113231523335,,187.6375419804648,,0.19720015278130337,120,0,0.6536155587679239,86,34,0.6497324190656528,120,0,25.88879373260155,86,34,1.8984348165444487,86,34,"{""TOO_FEW_POINTS"":158,""TOO_SHORT_LENGTH"":88}","{""TOO_FEW_POINTS"":688,""TOO_SHORT_LENGTH"":3366}","{""ENDPOINT"":278,""MISSING_FOLLOWING_OUTGOING_EDGE"":139,""UNCOMPUTABLE_DIRECTION_IN_WINDOW"":1631}",True,original_record; pooled counts explicitly identified,98,0,False,False,"{""TRADEOFF"":22,""NO_DEMONSTRATED_GAIN"":98}","{""COMMON_COVERED_IDENTITIES_LOST"":22,""RAW_WINDOW_COVERAGE_LOST"":22,""COMMON_GEOMETRIC_PROTECTION_DEGRADED"":22,""RECORD_COVERAGE_LOST"":1}",False,TRADEOFF
parameter_development,g2-development-parameters-02,DEVELOPMENT,f2f80ee351a314b6e5abdb3be40a5557c2100b5bcf6fb58a6438cd0bf8230325,cfg-c19c8952dfd15e20,S-D-P,30,400,10,130,35,5,f87afc5e7f2a516f71ea9c9f84de5a522389610e77d66df8b52c78ea1d71856e,VERIFIED,"[{""experiment_id"":""G2-PARAM-POINTS-LENGTH"",""min_points"":10,""min_length"":130}]",11777,2288,4042,602,4845,7133,2288,0,344,206,11777,7735,4042,207,224,0,0,295,344,138,602,2045,0,0,120,85,35,35,0.1942769805553197,,0.7083333333333334,,0.2916666666666667,,0.2916666666666667,,0.6567886558546319,,0.6792373475396046,,4.9960113231523335,,187.6375419804648,,0.19670015278130337,120,0,0.6504454250701709,85,35,0.6413990857323194,120,0,26.130313811480473,85,35,1.9013600760750882,85,35,"{""TOO_FEW_POINTS"":158,""TOO_SHORT_LENGTH"":90}","{""TOO_FEW_POINTS"":688,""TOO_SHORT_LENGTH"":3469}","{""ENDPOINT"":276,""MISSING_FOLLOWING_OUTGOING_EDGE"":138,""UNCOMPUTABLE_DIRECTION_IN_WINDOW"":1631}",True,original_record; pooled counts explicitly identified,97,0,False,False,"{""TRADEOFF"":23,""NO_DEMONSTRATED_GAIN"":97}","{""COMMON_COVERED_IDENTITIES_LOST"":23,""RAW_WINDOW_COVERAGE_LOST"":23,""COMMON_GEOMETRIC_PROTECTION_DEGRADED"":23,""RECORD_COVERAGE_LOST"":2}",False,TRADEOFF
evaluation_parameters,g2-evaluation-parameters-01,G2_EVAL,175c478b3f51add625a2f4068278bdaa6380c11d9df3678ef085f66f001cdd7b,cfg-0ad662cd1af68eaf,S-D-P,30,95,5,65,35,5,32c4242bf47facd515fc2eea346d9b097bc3e9bdefa00eabcc077943bf69bb60,VERIFIED,"[""G2-EVAL-REPRESENTATIVES-AND-SINGLE-CANDIDATES""]",12173,1451,6714,663,3345,4796,1451,0,2841,2512,12173,5459,6714,181,181,0,0,324,301,116,663,1894,0,0,120,85,35,35,0.1191982255812043,,0.7083333333333334,,0.2916666666666667,,0.2916666666666667,,0.4484514910046825,,0.6974562135112594,,4.973850259136702,,107.14419723968119,,0.11498299513647824,120,0,0.6503072850909567,85,35,0.44011644425657576,120,0,12.863962267359769,85,35,1.4732918008273796,85,35,"{""TOO_FEW_POINTS"":2411,""TOO_SHORT_LENGTH"":2330}","{""TOO_FEW_POINTS"":3010,""TOO_SHORT_LENGTH"":6149}","{""ENDPOINT"":658,""MISSING_FOLLOWING_OUTGOING_EDGE"":329,""UNCOMPUTABLE_DIRECTION_IN_WINDOW"":907}",True,original_record; pooled counts explicitly identified,53,0,False,False,"{""TRADEOFF"":67,""NO_DEMONSTRATED_GAIN"":53}","{""COMMON_COVERED_IDENTITIES_LOST"":67,""COMMON_GEOMETRIC_PROTECTION_DEGRADED"":67,""RECORD_COVERAGE_LOST"":3,""RAW_WINDOW_COVERAGE_LOST"":24}",False,TRADEOFF
evaluation_parameters,g2-evaluation-parameters-01,G2_EVAL,6bc005016a715a4eab598a326e148ecacae4208bf957a6c5266a924f5122c2e9,cfg-1e535c3fe3cc8ae1,S-D-P,30,400,2,0,35,5,9e89a46c1a16a994ec934230ade07c1c32aa2997b540d2e1f0615ac8032b2cab,VERIFIED,"[""G2-EVAL-REPRESENTATIVES-AND-SINGLE-CANDIDATES""]",12173,2939,11,829,8394,11333,2939,0,301,11,12173,12162,11,250,181,0,0,11,301,290,829,5003,0,0,120,120,0,0,0.24143596484022015,,1.0,,0.0,,0.0,,0.9990963607984884,,0.7406688432012707,,4.992555071639091,,136.11825855330267,,0.23751411554960974,120,0,0.7415173520867366,120,0,0.9988713859085422,120,0,15.792092212340767,120,0,1.275064286593851,120,0,"{""TOO_FEW_POINTS"":11}","{""TOO_FEW_POINTS"":11}","{""ENDPOINT"":580,""MISSING_FOLLOWING_OUTGOING_EDGE"":284,""UNCOMPUTABLE_DIRECTION_IN_WINDOW"":4139}",True,original_record; pooled counts explicitly identified,120,53,True,True,"{""NO_DEMONSTRATED_GAIN"":67,""SUPPORTED_WITHIN_SCOPE"":53}",{},False,SUPPORTED_WITHIN_SCOPE
evaluation_parameters,g2-evaluation-parameters-01,G2_EVAL,6aa4c579ed7bdeeb71cf53118a3619922b50a0e9c30d965c3a4a0baa704ca03e,cfg-5f3726776663985b,S-D-P,15,400,5,65,35,5,e85b11244ebcb64203772053ecf5836b680e387ec22b5f2d330e519a65a8e5ee,VERIFIED,"[""G2-EVAL-REPRESENTATIVES-AND-SINGLE-CANDIDATES""]",12173,2612,7436,164,1961,4573,2612,0,2481,1739,12173,4737,7436,96,181,0,0,163,301,179,164,2368,0,0,120,72,48,48,0.2145732358498316,,0.6,,0.4,,0.4,,0.38913989977819763,,0.4288213426634594,,4.992555071639091,,136.11825855330267,,0.20544756550055585,120,0,0.4191096869699398,72,48,0.370083913306667,120,0,14.015564291780944,72,48,1.0912499157410134,72,48,"{""TOO_SHORT_LENGTH"":1578,""TOO_FEW_POINTS"":575}","{""TOO_SHORT_LENGTH"":6934,""TOO_FEW_POINTS"":1386}","{""ENDPOINT"":1484,""MISSING_FOLLOWING_OUTGOING_EDGE"":742,""UNCOMPUTABLE_DIRECTION_IN_WINDOW"":142}",True,original_record; pooled counts explicitly identified,32,0,False,False,"{""TRADEOFF"":88,""NO_DEMONSTRATED_GAIN"":32}","{""COMMON_COVERED_IDENTITIES_LOST"":88,""COMMON_GEOMETRIC_PROTECTION_DEGRADED"":88,""RAW_WINDOW_COVERAGE_LOST"":22,""RECORD_COVERAGE_LOST"":16}",False,TRADEOFF
evaluation_parameters,g2-evaluation-parameters-01,G2_EVAL,642c37d38a408ec509dec5e3ba341c2d912cea4329a5cf7eaeb510d6eca2a8e8,cfg-63139d05595c253c,S-D-P,30,400,5,0,35,5,066f55a286ec1420020365f9a4e1e21dc92b7cacfda196c353f66015cd61d266,VERIFIED,"[""G2-EVAL-REPRESENTATIVES-AND-SINGLE-CANDIDATES""]",12173,2874,101,829,8369,11243,2874,0,301,39,12173,12072,101,250,181,0,0,54,301,262,829,4921,0,0,120,120,0,0,0.23609627864947014,,1.0,,0.0,,0.0,,0.9917029491497577,,0.7443742773281152,,4.992555071639091,,136.11825855330267,,0.23158116273893115,120,0,0.74444529594709,120,0,0.9905325484286132,120,0,15.792092212340767,120,0,1.279780394070845,120,0,"{""TOO_FEW_POINTS"":39}","{""TOO_FEW_POINTS"":101}","{""ENDPOINT"":524,""MISSING_FOLLOWING_OUTGOING_EDGE"":262,""UNCOMPUTABLE_DIRECTION_IN_WINDOW"":4135}",True,original_record; pooled counts explicitly identified,120,42,True,True,"{""NO_DEMONSTRATED_GAIN"":78,""SUPPORTED_WITHIN_SCOPE"":42}",{},False,SUPPORTED_WITHIN_SCOPE
evaluation_parameters,g2-evaluation-parameters-01,G2_EVAL,f483b154484b6b1a30382b292cd12b1fb04569e848278b6fe5eaed9bae443bb2,cfg-6599edd5fcbf75b1,S-D-P,30,400,2,65,35,5,185dbf31df43ccae68d2c0538f290dffc86268d78e74e725e7042a49d1e6497c,VERIFIED,"[""G2-EVAL-REPRESENTATIVES-AND-SINGLE-CANDIDATES""]",12173,2799,3302,758,5314,8113,2799,0,301,75,12173,8871,3302,249,181,0,0,69,301,226,758,1988,0,0,120,88,32,32,0.2299351022755278,,0.7333333333333333,,0.26666666666666666,,0.26666666666666666,,0.728743941509899,,0.6549981511154936,,4.992555071639091,,136.11825855330267,,0.22461348318441296,120,0,0.659700282918383,88,32,0.7138175243691052,120,0,20.91508361184359,88,32,1.4889637225738497,88,32,"{""TOO_FEW_POINTS"":11,""TOO_SHORT_LENGTH"":75}","{""TOO_FEW_POINTS"":11,""TOO_SHORT_LENGTH"":3302}","{""ENDPOINT"":452,""MISSING_FOLLOWING_OUTGOING_EDGE"":221,""UNCOMPUTABLE_DIRECTION_IN_WINDOW"":1315}",True,original_record; pooled counts explicitly identified,120,12,True,True,"{""NO_DEMONSTRATED_GAIN"":108,""SUPPORTED_WITHIN_SCOPE"":12}",{},False,SUPPORTED_WITHIN_SCOPE
evaluation_parameters,g2-evaluation-parameters-01,G2_EVAL,078b2632ac87711ebcb38a6c079a93e59b7d12e6e5358d9b2d026392c9b75dfe,cfg-6b37e535e1ea2046,S-D-P,30,400,5,65,15,5,75e6b7021e590716a23d506a90685258b13446dc1e4630b80af12fb224ed426d,VERIFIED,"[""G2-EVAL-REPRESENTATIVES-AND-SINGLE-CANDIDATES""]",12173,2406,3368,1884,4515,6921,2406,0,301,96,12173,8805,3368,817,181,0,0,100,301,205,1884,1930,0,0,120,88,32,32,0.19765053807607,,0.7333333333333333,,0.26666666666666666,,0.26666666666666666,,0.7233221063008297,,0.6523623753792804,,4.999598232009639,,376.34110369099557,,0.1932276209473371,120,0,0.6526280172960368,88,32,0.7080427894532787,120,0,51.549539538604684,88,32,3.733637479613593,88,32,"{""TOO_FEW_POINTS"":39,""TOO_SHORT_LENGTH"":75}","{""TOO_FEW_POINTS"":101,""TOO_SHORT_LENGTH"":3302}","{""ENDPOINT"":410,""MISSING_FOLLOWING_OUTGOING_EDGE"":205,""UNCOMPUTABLE_DIRECTION_IN_WINDOW"":1315}",True,original_record; pooled counts explicitly identified,56,5,False,True,"{""TRADEOFF"":64,""NO_DEMONSTRATED_GAIN"":51,""SUPPORTED_WITHIN_SCOPE"":5}","{""COMMON_GEOMETRIC_PROTECTION_DEGRADED"":64}",False,TRADEOFF
evaluation_parameters,g2-evaluation-parameters-01,G2_EVAL,0e2a165e7c0be175ab02ec784b52a5aedd2f6effe81e296518a37fecefd1850b,cfg-7261bd230cb316ee,S-D-P,30,800,5,65,35,5,c2c46dc1100f36610c1ac1883c944cfa71fec46eebf2affc04b84cf9c34977c8,VERIFIED,"[""G2-EVAL-REPRESENTATIVES-AND-SINGLE-CANDIDATES""]",12173,2712,3303,761,5397,8109,2712,0,202,73,12173,8629,3544,250,181,89,99,163,301,218,761,1702,286,94,120,88,32,32,0.2227881376817547,,0.7333333333333333,,0.26666666666666666,,0.26666666666666666,,0.708863879076645,,0.6655567887532372,,4.992555071639091,,136.11825855330267,,0.21733275408156286,120,0,0.6696588232958676,88,32,0.6933752897003491,120,0,21.04936419861984,88,32,1.5117260743123644,88,32,"{""TOO_FEW_POINTS"":16,""TOO_SHORT_LENGTH"":72}","{""TOO_FEW_POINTS"":36,""TOO_SHORT_LENGTH"":3299}","{""ENDPOINT"":258,""MISSING_FOLLOWING_OUTGOING_EDGE"":129,""UNCOMPUTABLE_DIRECTION_IN_WINDOW"":1315}",True,original_record; pooled counts explicitly identified,94,0,False,False,"{""NO_DEMONSTRATED_GAIN"":94,""REJECTED_BY_CONSTRAINT"":26}","{""COMMON_COVERED_IDENTITIES_LOST"":18,""RAW_BREAKPOINT_CROSSED"":26,""RAW_WINDOW_COVERAGE_LOST"":2,""COMMON_GEOMETRIC_PROTECTION_DEGRADED"":19}",False,REJECTED_BY_CONSTRAINT
evaluation_parameters,g2-evaluation-parameters-01,G2_EVAL,ce23e1738734ac42b91f09c4fb271ef7f2f11a7af0184342055dae77b52274ea,cfg-7a5c632edc26a683,S-D-P,30,400,10,65,35,5,df7a1b48d7ea1e8cdf60ed806f2674a61dfcc52907c13ecd1f6773ce845f116d,VERIFIED,"[""G2-EVAL-REPRESENTATIVES-AND-SINGLE-CANDIDATES""]",12173,2523,3767,753,5130,7653,2523,0,301,169,12173,8406,3767,247,181,0,0,237,301,132,753,1706,0,0,120,87,33,33,0.20726197321942003,,0.725,,0.275,,0.275,,0.6905446479914565,,0.6703253626029009,,4.992555071639091,,136.11825855330267,,0.2011650158557447,120,0,0.6641628078977587,87,33,0.674063294495637,120,0,21.07985638784151,87,33,1.5390106201833447,87,33,"{""TOO_FEW_POINTS"":122,""TOO_SHORT_LENGTH"":75}","{""TOO_FEW_POINTS"":573,""TOO_SHORT_LENGTH"":3302}","{""ENDPOINT"":264,""MISSING_FOLLOWING_OUTGOING_EDGE"":132,""UNCOMPUTABLE_DIRECTION_IN_WINDOW"":1310}",True,original_record; pooled counts explicitly identified,99,0,False,False,"{""NO_DEMONSTRATED_GAIN"":99,""TRADEOFF"":21}","{""COMMON_COVERED_IDENTITIES_LOST"":21,""RAW_WINDOW_COVERAGE_LOST"":21,""COMMON_GEOMETRIC_PROTECTION_DEGRADED"":21,""RECORD_COVERAGE_LOST"":1}",False,TRADEOFF
evaluation_parameters,g2-evaluation-parameters-01,G2_EVAL,0bfacb82f419ebbcfbc4e906129245cab18beed760a2318abd183a416859d88f,cfg-a5483ca9cb883a91,S-D-P,30,400,5,65,60,5,044fca2b2ac12a6123252405d644156af40d9420fa35830365015ebeaf88a5c1,VERIFIED,"[""G2-EVAL-REPRESENTATIVES-AND-SINGLE-CANDIDATES""]",12173,2877,3368,327,5601,8478,2877,0,301,96,12173,8805,3368,89,181,0,0,100,301,205,327,1930,0,0,120,88,32,32,0.23634272570442783,,0.7333333333333333,,0.26666666666666666,,0.26666666666666666,,0.7233221063008297,,0.6606510969568294,,4.992555071639091,,44.40871467587629,,0.2302027103464928,120,0,0.6637932064186121,88,32,0.7080427894532787,120,0,8.405149079003719,88,32,1.1162381914187811,88,32,"{""TOO_FEW_POINTS"":39,""TOO_SHORT_LENGTH"":75}","{""TOO_FEW_POINTS"":101,""TOO_SHORT_LENGTH"":3302}","{""ENDPOINT"":410,""MISSING_FOLLOWING_OUTGOING_EDGE"":205,""UNCOMPUTABLE_DIRECTION_IN_WINDOW"":1315}",True,original_record; pooled counts explicitly identified,118,52,False,True,"{""SUPPORTED_WITHIN_SCOPE"":52,""NO_DEMONSTRATED_GAIN"":66,""TRADEOFF"":2}","{""COMMON_GEOMETRIC_PROTECTION_DEGRADED"":2}",False,TRADEOFF
evaluation_parameters,g2-evaluation-parameters-01,G2_EVAL,ed4ba5eaba4bea6ca38e8d222699ce5d272eb8d32ea447232fd1314c8cb9526b,cfg-b15b8281b73592fb,S-D-P,30,400,5,65,35,5,3c7872cca8a719afe3c9950c2a07146d4def7bcb35c3defd792d9777b988b293,VERIFIED,"[""G2-EVAL-REPRESENTATIVES-AND-SINGLE-CANDIDATES""]",12173,2748,3368,758,5299,8047,2748,0,301,96,12173,8805,3368,249,181,0,0,100,301,205,758,1930,0,0,120,88,32,32,0.22574550234124702,,0.7333333333333333,,0.26666666666666666,,0.26666666666666666,,0.7233221063008297,,0.6585062756306699,,4.992555071639091,,136.11825855330267,,0.2201584506016546,120,0,0.6619485384794497,88,32,0.7080427894532787,120,0,20.91508361184359,88,32,1.4954907113609912,88,32,"{""TOO_FEW_POINTS"":39,""TOO_SHORT_LENGTH"":75}","{""TOO_FEW_POINTS"":101,""TOO_SHORT_LENGTH"":3302}","{""ENDPOINT"":410,""MISSING_FOLLOWING_OUTGOING_EDGE"":205,""UNCOMPUTABLE_DIRECTION_IN_WINDOW"":1315}",True,original_record; pooled counts explicitly identified,120,0,True,False,"{""NO_DEMONSTRATED_GAIN"":120}",{},False,NO_DEMONSTRATED_GAIN
evaluation_parameters,g2-evaluation-parameters-01,G2_EVAL,77b915819593a7941c2b2092bb1193f704aa21f4ba33eb400ce30749836cbd8b,cfg-b64eb945a846910c,S-D-P,30,400,5,65,35,0,2c2b66986dbdbabd7a391567a4db3d450840a4e2d32926b16a64f07df654c4d7,VERIFIED,"[""G2-EVAL-REPRESENTATIVES-AND-SINGLE-CANDIDATES""]",12173,8047,3368,758,0,8047,8047,0,301,96,12173,8805,3368,246,181,0,0,100,301,205,758,1930,0,0,120,88,32,32,0.6610531504148526,,0.7333333333333333,,0.26666666666666666,,0.26666666666666666,,0.7233221063008297,,0.0,,0.0,,136.11825855330267,,0.6452701316696997,120,0,0.0,88,32,0.7080427894532787,120,0,21.099161976891175,88,32,0.6001292824010622,88,32,"{""TOO_FEW_POINTS"":39,""TOO_SHORT_LENGTH"":75}","{""TOO_FEW_POINTS"":101,""TOO_SHORT_LENGTH"":3302}","{""ENDPOINT"":410,""MISSING_FOLLOWING_OUTGOING_EDGE"":205,""UNCOMPUTABLE_DIRECTION_IN_WINDOW"":1315}",True,original_record; pooled counts explicitly identified,120,0,True,False,"{""NO_DEMONSTRATED_GAIN"":120}",{},False,NO_DEMONSTRATED_GAIN
evaluation_parameters,g2-evaluation-parameters-01,G2_EVAL,76e54e15b6c242c02174616cf195ce68204672e4cd0d63aac1fe16e64321995b,cfg-d4ff6528d1731c17,S-D-P,60,400,5,65,35,5,d58fa522c73e9de48896fdf7c7b87f6973220ef9ce30afca3e9a5b2150c2fc0f,VERIFIED,"[""G2-EVAL-REPRESENTATIVES-AND-SINGLE-CANDIDATES""]",12173,2738,3287,776,5372,8110,2738,0,262,77,12173,8740,3433,246,181,28,28,125,301,213,776,1883,82,33,120,88,32,32,0.22492401215805471,,0.7333333333333333,,0.26666666666666666,,0.26666666666666666,,0.7179824201100797,,0.6623921085080148,,4.992555071639091,,136.11825855330267,,0.21964941754877387,120,0,0.6648911824181108,88,32,0.7024307533192946,120,0,20.894324102878002,88,32,1.4979738405693839,88,32,"{""TOO_FEW_POINTS"":33,""TOO_SHORT_LENGTH"":57}","{""TOO_FEW_POINTS"":82,""TOO_SHORT_LENGTH"":3225}","{""ENDPOINT"":370,""MISSING_FOLLOWING_OUTGOING_EDGE"":185,""UNCOMPUTABLE_DIRECTION_IN_WINDOW"":1328}",True,original_record; pooled counts explicitly identified,102,0,False,False,"{""NO_DEMONSTRATED_GAIN"":102,""REJECTED_BY_CONSTRAINT"":18}","{""COMMON_COVERED_IDENTITIES_LOST"":15,""RAW_BREAKPOINT_CROSSED"":18,""COMMON_GEOMETRIC_PROTECTION_DEGRADED"":15}",False,REJECTED_BY_CONSTRAINT
evaluation_parameters,g2-evaluation-parameters-01,G2_EVAL,32af53b95f497ea19a335c69fbbfcb07acae2fb4f28e6dbee807c8e742931ae6,cfg-dc3bdca5d6cb9c1f,S-D-P,30,400,5,130,35,5,8a633f00a8e0b1dca9a916271647b7510f54d8c5c3b66ada4937ea479d5a21cb,VERIFIED,"[""G2-EVAL-REPRESENTATIVES-AND-SINGLE-CANDIDATES""]",12173,2718,3874,680,4901,7619,2718,0,301,103,12173,8299,3874,249,181,0,0,103,301,198,680,1896,0,0,120,83,37,37,0.22328103179167008,,0.6916666666666667,,0.30833333333333335,,0.30833333333333335,,0.6817547030312988,,0.6432602703766899,,4.992555071639091,,136.11825855330267,,0.21752921395437672,120,0,0.6448953257389521,83,37,0.6652666728627292,120,0,21.91816620567515,83,37,1.5158274396790241,83,37,"{""TOO_FEW_POINTS"":39,""TOO_SHORT_LENGTH"":83}","{""TOO_FEW_POINTS"":101,""TOO_SHORT_LENGTH"":3811}","{""ENDPOINT"":396,""MISSING_FOLLOWING_OUTGOING_EDGE"":198,""UNCOMPUTABLE_DIRECTION_IN_WINDOW"":1302}",True,original_record; pooled counts explicitly identified,113,0,False,False,"{""NO_DEMONSTRATED_GAIN"":113,""TRADEOFF"":7}","{""COMMON_COVERED_IDENTITIES_LOST"":7,""RAW_WINDOW_COVERAGE_LOST"":7,""COMMON_GEOMETRIC_PROTECTION_DEGRADED"":7,""RECORD_COVERAGE_LOST"":5}",False,TRADEOFF
evaluation_parameters,g2-evaluation-parameters-01,G2_EVAL,25e42f8b59fb150d276f42ca7195eff86928cc31a969f24c21703e00cdfeaafc,cfg-e8ff0df5800d5c3b,S-D-P,30,400,5,65,35,20,162baeb3fa79d68fa019582e521f01276949dc41ca0b14c77f4af70d331fae17,VERIFIED,"[""G2-EVAL-REPRESENTATIVES-AND-SINGLE-CANDIDATES""]",12173,1439,3368,758,6608,8047,1439,0,301,96,12173,8805,3368,3259,181,0,0,100,301,205,758,1930,0,0,120,88,32,32,0.11821243736137353,,0.7333333333333333,,0.26666666666666666,,0.26666666666666666,,0.7233221063008297,,0.8211755933888405,,19.8836041230356,,136.11825855330267,,0.11542679875958427,120,0,0.8242729327897295,88,32,0.7080427894532787,120,0,26.61934183248966,88,32,4.754566117352223,88,32,"{""TOO_FEW_POINTS"":39,""TOO_SHORT_LENGTH"":75}","{""TOO_FEW_POINTS"":101,""TOO_SHORT_LENGTH"":3302}","{""ENDPOINT"":410,""MISSING_FOLLOWING_OUTGOING_EDGE"":205,""UNCOMPUTABLE_DIRECTION_IN_WINDOW"":1315}",True,original_record; pooled counts explicitly identified,32,0,False,False,"{""REJECTED_BY_CONSTRAINT"":88,""NO_DEMONSTRATED_GAIN"":32}","{""COMMON_DP_BUDGET_EXCEEDED"":88}",False,REJECTED_BY_CONSTRAINT
