parameter,observed_min,observed_max,registered_grid_values,config_ids,identical_stage_masks_and_counts_hash,stable_at_multiple_tested_values,records,meaning
dt,15,15,[15],"[""cfg-5f3726776663985b""]",c13b49baa6669d14774190d14e3e92be01f6941c76bd46e40619f43bc20928dc,False,120,"Adjacent registered OAT values have identical per-record stage input/output masks, common coverage and terminal counts; untested intermediate values are not certified"
dt,20,20,[20],"[""cfg-7b4506482fa0b5f2""]",a2823f513cb00880b14d7de65cd649d9a507672c7152997eaf48228521f812e3,False,120,"Adjacent registered OAT values have identical per-record stage input/output masks, common coverage and terminal counts; untested intermediate values are not certified"
dt,30,30,[30],"[""cfg-b15b8281b73592fb""]",dfd1dc6e168a84137c65dc2ad973ff7db96df9b38a46e3976a757b06703e4e51,False,120,"Adjacent registered OAT values have identical per-record stage input/output masks, common coverage and terminal counts; untested intermediate values are not certified"
dt,45,45,[45],"[""cfg-85746847a32cb544""]",14f92188bf18f538da3dd49b3e5ec3f45bdd7d9aa3eac30cd6bfd86fddf6b23c,False,120,"Adjacent registered OAT values have identical per-record stage input/output masks, common coverage and terminal counts; untested intermediate values are not certified"
dt,60,60,[60],"[""cfg-d4ff6528d1731c17""]",7077d223df7d7f3fb5a6391decfd8f782073a610d5a090f3b7910c1f91f83a49,False,120,"Adjacent registered OAT values have identical per-record stage input/output masks, common coverage and terminal counts; untested intermediate values are not certified"
distance,95,95,[95],"[""cfg-0ad662cd1af68eaf""]",1af60fa891bf103df6baa8480bc77534684dcee8aa9e101dd676380db296e2d7,False,120,"Adjacent registered OAT values have identical per-record stage input/output masks, common coverage and terminal counts; untested intermediate values are not certified"
distance,200,200,[200],"[""cfg-c75c27c441321c6a""]",1e12e7c760cce961bb58aff0e79d4f1a57d196c7d61af3e034d66a05f43f74ce,False,120,"Adjacent registered OAT values have identical per-record stage input/output masks, common coverage and terminal counts; untested intermediate values are not certified"
distance,400,400,[400],"[""cfg-b15b8281b73592fb""]",dfd1dc6e168a84137c65dc2ad973ff7db96df9b38a46e3976a757b06703e4e51,False,120,"Adjacent registered OAT values have identical per-record stage input/output masks, common coverage and terminal counts; untested intermediate values are not certified"
distance,600,600,[600],"[""cfg-cfcdb0f0e22b991f""]",d9c4ac98a3cc29486145fd74d7109ae8d178477397ebcf8ccf15a428bd214434,False,120,"Adjacent registered OAT values have identical per-record stage input/output masks, common coverage and terminal counts; untested intermediate values are not certified"
distance,800,800,[800],"[""cfg-7261bd230cb316ee""]",e5df575ded320fd9f48345f4b516c4f87f93eb0dfcd8b95b15acebd3d2ba7a9b,False,120,"Adjacent registered OAT values have identical per-record stage input/output masks, common coverage and terminal counts; untested intermediate values are not certified"
min_points,2,2,[2],"[""cfg-6599edd5fcbf75b1""]",4c8e8a1ccea7cb238329a746f30046ccc8b739ec138029f8447324dbc70fb9d4,False,120,"Adjacent registered OAT values have identical per-record stage input/output masks, common coverage and terminal counts; untested intermediate values are not certified"
min_points,3,3,[3],"[""cfg-d4df6d869dc800d6""]",e68b005496c0fe24ac4e1799af49339ddb49090403cdbb6bf8d2ac6232bdd8d4,False,120,"Adjacent registered OAT values have identical per-record stage input/output masks, common coverage and terminal counts; untested intermediate values are not certified"
min_points,5,5,[5],"[""cfg-b15b8281b73592fb""]",dfd1dc6e168a84137c65dc2ad973ff7db96df9b38a46e3976a757b06703e4e51,False,120,"Adjacent registered OAT values have identical per-record stage input/output masks, common coverage and terminal counts; untested intermediate values are not certified"
min_points,7,7,[7],"[""cfg-38b5af70752afcf3""]",947ef1b530f5549ec232dfc9f082a149ca34ac1ef5c41252dae25b8aece29c16,False,120,"Adjacent registered OAT values have identical per-record stage input/output masks, common coverage and terminal counts; untested intermediate values are not certified"
min_points,10,10,[10],"[""cfg-7a5c632edc26a683""]",fad4bd24ac779c61d7053254c24f24d9683357a3fae29a522c31e9ffbb1e3935,False,120,"Adjacent registered OAT values have identical per-record stage input/output masks, common coverage and terminal counts; untested intermediate values are not certified"
min_length,0,0,[0],"[""cfg-63139d05595c253c""]",17829b4b2fbd89e6974420e83704cc4f559eba5bf5d05d0a83f780c32c3b8293,False,120,"Adjacent registered OAT values have identical per-record stage input/output masks, common coverage and terminal counts; untested intermediate values are not certified"
min_length,32.5,32.5,[32.5],"[""cfg-5279f18a16a391af""]",7e9bf425335fc72bea1f26bb1fd696d31e9422b665fce7c97072245b8b159b3b,False,120,"Adjacent registered OAT values have identical per-record stage input/output masks, common coverage and terminal counts; untested intermediate values are not certified"
min_length,65,65,[65],"[""cfg-b15b8281b73592fb""]",dfd1dc6e168a84137c65dc2ad973ff7db96df9b38a46e3976a757b06703e4e51,False,120,"Adjacent registered OAT values have identical per-record stage input/output masks, common coverage and terminal counts; untested intermediate values are not certified"
min_length,97.5,97.5,[97.5],"[""cfg-2145210f6818db22""]",0e7fdb830f3e24de4659551775ff050c4cb8333d955ea5b41d00e7cc8491a594,False,120,"Adjacent registered OAT values have identical per-record stage input/output masks, common coverage and terminal counts; untested intermediate values are not certified"
min_length,130,130,[130],"[""cfg-dc3bdca5d6cb9c1f""]",30973ca1ebfb13cfe96266756c510c1d0723adf61a10c5acf71bf6d546cd7bbc,False,120,"Adjacent registered OAT values have identical per-record stage input/output masks, common coverage and terminal counts; untested intermediate values are not certified"
direction,15,15,[15],"[""cfg-6b37e535e1ea2046""]",84bda674b5eee70807f13f7da9fa37bd213e2587b5a84d8f9b56d41ca2f0e813,False,120,"Adjacent registered OAT values have identical per-record stage input/output masks, common coverage and terminal counts; untested intermediate values are not certified"
direction,25,25,[25],"[""cfg-893931df60c3d3d6""]",99e0271f671f80481ab3ff3d275769ac97f0de06e627fdc6b01dc4008ee74a6f,False,120,"Adjacent registered OAT values have identical per-record stage input/output masks, common coverage and terminal counts; untested intermediate values are not certified"
direction,35,35,[35],"[""cfg-b15b8281b73592fb""]",dfd1dc6e168a84137c65dc2ad973ff7db96df9b38a46e3976a757b06703e4e51,False,120,"Adjacent registered OAT values have identical per-record stage input/output masks, common coverage and terminal counts; untested intermediate values are not certified"
direction,45,45,[45],"[""cfg-24646b7acfafee8e""]",87256b1c0e748a7206e5a5f8063a4da0994977ad5cf39ad82a57c1b1c1a44249,False,120,"Adjacent registered OAT values have identical per-record stage input/output masks, common coverage and terminal counts; untested intermediate values are not certified"
direction,60,60,[60],"[""cfg-a5483ca9cb883a91""]",97e9925275f10dafe362a4d9c84fbecee6363540291716a625c50d54089c50d3,False,120,"Adjacent registered OAT values have identical per-record stage input/output masks, common coverage and terminal counts; untested intermediate values are not certified"
dp,0,0,[0],"[""cfg-b64eb945a846910c""]",4395ccf5d2dc5e748a745ee367fb64610444a215e2f97409714dec5ea639dcb7,False,120,"Adjacent registered OAT values have identical per-record stage input/output masks, common coverage and terminal counts; untested intermediate values are not certified"
dp,0.5,0.5,[0.5],"[""cfg-59d5d0c23b67d172""]",ebd7a8ae54662f0dbd13d68e6c4cdb1efdb9c6528253dc30c8351658c31a1de3,False,120,"Adjacent registered OAT values have identical per-record stage input/output masks, common coverage and terminal counts; untested intermediate values are not certified"
dp,1,1,[1],"[""cfg-322e68540606f046""]",c4d041ae61a1d492f5f2354dccd092d9aab0feb6cc9362ea2434821d9747f1f3,False,120,"Adjacent registered OAT values have identical per-record stage input/output masks, common coverage and terminal counts; untested intermediate values are not certified"
dp,2,2,[2],"[""cfg-df6f00206fb03678""]",958694e7412d3efcc5cba3ea90d44b60874d4866d0fc88664b341465c73a105f,False,120,"Adjacent registered OAT values have identical per-record stage input/output masks, common coverage and terminal counts; untested intermediate values are not certified"
dp,5,5,[5],"[""cfg-b15b8281b73592fb""]",dfd1dc6e168a84137c65dc2ad973ff7db96df9b38a46e3976a757b06703e4e51,False,120,"Adjacent registered OAT values have identical per-record stage input/output masks, common coverage and terminal counts; untested intermediate values are not certified"
dp,10,10,[10],"[""cfg-65d9f66c5a9b483a""]",2ab0104d29ffd44265d8b468dd32b3cb8ef393099a38b227e3bad40329ca29fe,False,120,"Adjacent registered OAT values have identical per-record stage input/output masks, common coverage and terminal counts; untested intermediate values are not certified"
dp,20,20,[20],"[""cfg-e8ff0df5800d5c3b""]",f0f03d323e4bcfea96db602ad5af2a04bdf9ab835be8929d6841484f369ffad3,False,120,"Adjacent registered OAT values have identical per-record stage input/output masks, common coverage and terminal counts; untested intermediate values are not certified"
