record_id,n_raw,r0_cover,s0_cover,new_coverage,coverage_delta_pp
6401,150,146,150,4,2.6666666666666665
6222,103,33,102,69,66.99029126213593
5186,100,0,100,100,100.0
8947,101,0,101,101,100.0
9038,97,0,97,97,100.0
7417,98,0,98,98,100.0
5921,99,0,99,99,100.0
508,110,106,110,4,3.6363636363636362
6675,99,99,99,0,0.0
7418,113,113,113,0,0.0
9365,99,0,99,99,100.0
6035,100,0,100,100,100.0
4265,102,102,102,0,0.0
224,119,119,119,0,0.0
4706,122,122,122,0,0.0
3200,100,0,100,100,100.0
8313,142,142,142,0,0.0
11030,124,124,124,0,0.0
6972,97,0,97,97,100.0
5656,100,0,100,100,100.0
11191,76,76,76,0,0.0
10918,30,0,29,29,96.66666666666667
3181,100,0,100,100,100.0
7365,97,0,97,97,100.0
6770,105,105,105,0,0.0
3742,128,119,125,6,4.6875
11271,100,0,100,100,100.0
6778,146,146,146,0,0.0
3657,98,0,98,98,100.0
2175,100,0,100,100,100.0
5524,99,0,99,99,100.0
95,99,0,99,99,100.0
10667,105,96,104,8,7.619047619047619
1565,99,0,99,99,100.0
4130,111,111,111,0,0.0
791,100,100,100,0,0.0
3718,99,0,99,99,100.0
11022,98,98,98,0,0.0
17,99,0,99,99,100.0
10610,100,0,100,100,100.0
3475,98,0,98,98,100.0
5290,106,106,106,0,0.0
3945,101,101,101,0,0.0
3081,101,87,99,12,11.881188118811881
10388,100,100,100,0,0.0
1677,99,0,99,99,100.0
10964,99,0,99,99,100.0
2615,103,103,103,0,0.0
9799,97,0,97,97,100.0
6605,98,0,97,97,98.9795918367347
9360,125,125,125,0,0.0
6557,101,101,101,0,0.0
10291,99,0,99,99,100.0
7282,99,0,99,99,100.0
1723,101,101,101,0,0.0
5003,101,18,101,83,82.17821782178218
4842,111,111,111,0,0.0
8222,96,90,96,6,6.25
11354,100,100,100,0,0.0
8556,100,0,100,100,100.0
1590,99,0,99,99,100.0
2840,99,0,99,99,100.0
1248,100,100,100,0,0.0
10861,110,110,110,0,0.0
1174,101,0,101,101,100.0
3027,100,100,100,0,0.0
10446,98,94,98,4,4.081632653061225
8162,101,101,101,0,0.0
7605,99,0,99,99,100.0
6468,98,98,98,0,0.0
10807,98,0,98,98,100.0
7078,97,0,97,97,100.0
3619,99,0,99,99,100.0
6560,100,100,100,0,0.0
4281,100,0,100,100,100.0
10727,99,0,99,99,100.0
6882,107,106,106,0,0.0
320,100,0,100,100,100.0
5743,99,99,99,0,0.0
6672,98,0,98,98,100.0
7924,100,0,100,100,100.0
2126,100,100,100,0,0.0
9866,99,0,99,99,100.0
4330,58,8,56,48,82.75862068965517
9757,98,0,98,98,100.0
3134,98,0,98,98,100.0
6645,97,77,97,20,20.61855670103093
154,172,172,172,0,0.0
4056,98,0,98,98,100.0
7499,100,0,100,100,100.0
6933,116,116,116,0,0.0
8463,100,0,100,100,100.0
9405,101,101,101,0,0.0
2723,100,100,100,0,0.0
216,100,0,100,100,100.0
4218,99,99,99,0,0.0
2083,100,0,100,100,100.0
2456,103,103,103,0,0.0
9043,101,101,101,0,0.0
9427,116,116,116,0,0.0
8243,99,0,99,99,100.0
5661,91,91,91,0,0.0
10194,100,0,100,100,100.0
879,104,104,104,0,0.0
3095,98,0,98,98,100.0
6827,100,0,100,100,100.0
5378,99,0,99,99,100.0
72,100,0,100,100,100.0
6208,99,99,99,0,0.0
6106,118,118,118,0,0.0
4535,110,110,110,0,0.0
5769,109,109,109,0,0.0
1366,106,106,106,0,0.0
5051,114,93,114,21,18.42105263157895
3885,99,0,99,99,100.0
9165,100,0,100,100,100.0
4869,99,0,99,99,100.0
8428,98,0,98,98,100.0
2079,103,103,103,0,0.0
4952,117,117,117,0,0.0
9621,101,101,101,0,0.0
5447,111,111,111,0,0.0
10219,102,98,102,4,3.9215686274509802
1647,100,0,100,100,100.0
9586,99,0,99,99,100.0
9687,105,105,105,0,0.0
2679,100,0,100,100,100.0
4291,99,99,99,0,0.0
1607,99,0,99,99,100.0
158,106,106,106,0,0.0
4737,100,0,100,100,100.0
8621,105,105,105,0,0.0
6526,99,89,99,10,10.1010101010101
8870,100,0,100,100,100.0
9070,105,105,105,0,0.0
3358,118,118,118,0,0.0
212,109,109,109,0,0.0
3299,99,0,99,99,100.0
11129,108,104,108,4,3.7037037037037037
3338,97,0,97,97,100.0
7876,113,113,113,0,0.0
9572,97,97,97,0,0.0
7516,106,98,104,6,5.660377358490566
8404,119,119,119,0,0.0
4445,103,100,103,3,2.912621359223301
1844,110,110,110,0,0.0
10185,106,106,106,0,0.0
8864,100,0,100,100,100.0
9883,100,0,100,100,100.0
4597,109,109,109,0,0.0
8045,104,59,104,45,43.26923076923077
6005,99,0,99,99,100.0
8537,103,98,103,5,4.854368932038835
7309,109,109,109,0,0.0
949,102,102,102,0,0.0
982,98,0,98,98,100.0
3900,101,0,101,101,100.0
694,100,0,100,100,100.0
3484,100,0,100,100,100.0
8805,112,112,112,0,0.0
4973,107,0,107,107,100.0
10745,123,123,123,0,0.0
9680,128,128,128,0,0.0
6302,106,106,106,0,0.0
3447,108,108,108,0,0.0
6297,102,97,102,5,4.901960784313726
934,108,108,108,0,0.0
11292,100,0,100,100,100.0
9947,100,0,100,100,100.0
7385,106,106,106,0,0.0
1142,99,0,99,99,100.0
4522,99,0,99,99,100.0
3575,143,143,143,0,0.0
2240,100,0,100,100,100.0
1107,99,0,99,99,100.0
6632,101,0,101,101,100.0
11294,86,86,86,0,0.0
9896,100,0,100,100,100.0
517,166,166,166,0,0.0
9801,98,98,98,0,0.0
7471,100,0,100,100,100.0
4954,99,0,99,99,100.0
6708,99,0,99,99,100.0
1587,98,0,98,98,100.0
11247,100,100,100,0,0.0
3795,100,100,100,0,0.0
10373,113,113,113,0,0.0
5436,118,118,118,0,0.0
1953,99,0,99,99,100.0
2485,101,101,101,0,0.0
3817,101,101,101,0,0.0
9803,103,98,103,5,4.854368932038835
5056,100,0,100,100,100.0
1664,145,145,145,0,0.0
6073,99,99,99,0,0.0
10571,98,0,98,98,100.0
9080,101,101,101,0,0.0
9989,103,90,103,13,12.62135922330097
3312,105,96,103,7,6.666666666666667
10168,94,91,94,3,3.1914893617021276
671,142,142,142,0,0.0
1617,112,112,112,0,0.0
3313,105,105,105,0,0.0
6329,104,100,104,4,3.8461538461538463
165,109,108,108,0,0.0
4406,125,125,125,0,0.0
10030,99,0,99,99,100.0
6270,101,101,101,0,0.0
2666,115,115,115,0,0.0
7083,103,103,103,0,0.0
10883,127,127,127,0,0.0
7132,154,154,154,0,0.0
3351,100,0,100,100,100.0
5470,117,117,117,0,0.0
7159,100,0,100,100,100.0
9776,100,0,100,100,100.0
3494,96,0,96,96,100.0
1938,97,0,97,97,100.0
3448,100,0,100,100,100.0
8728,111,111,111,0,0.0
10394,100,0,100,100,100.0
8235,102,102,102,0,0.0
7932,99,0,99,99,100.0
1400,101,0,100,100,99.00990099009901
11192,115,115,115,0,0.0
6022,100,96,99,3,3.0
180,99,0,99,99,100.0
1809,99,0,99,99,100.0
374,100,0,100,100,100.0
1035,111,107,110,3,2.7027027027027026
4400,100,0,100,100,100.0
8736,116,116,116,0,0.0
11039,102,102,102,0,0.0
3904,107,107,107,0,0.0
5752,100,100,100,0,0.0
10912,125,125,125,0,0.0
6307,99,99,99,0,0.0
3834,133,133,133,0,0.0
513,116,116,116,0,0.0
5655,102,102,102,0,0.0
4673,105,105,105,0,0.0
3339,107,107,107,0,0.0
2965,104,102,104,2,1.9230769230769231
619,99,0,99,99,100.0
10828,102,88,102,14,13.72549019607843
5544,100,100,100,0,0.0
4486,100,0,100,100,100.0
10786,103,103,103,0,0.0
2500,32,32,32,0,0.0
9497,172,172,172,0,0.0
6924,96,0,96,96,100.0
2459,105,94,105,11,10.476190476190476
2045,93,73,90,17,18.27956989247312
2845,113,113,113,0,0.0
10025,98,76,98,22,22.448979591836736
4304,98,0,98,98,100.0
372,99,0,99,99,100.0
8039,102,98,102,4,3.9215686274509802
2581,100,0,100,100,100.0
1825,116,112,116,4,3.4482758620689653
571,111,98,111,13,11.711711711711711
10926,105,49,105,56,53.333333333333336
7070,98,0,98,98,100.0
4111,55,54,54,0,0.0
2698,97,0,97,97,100.0
7246,107,107,107,0,0.0
363,104,74,104,30,28.846153846153847
10105,105,105,105,0,0.0
8792,100,0,100,100,100.0
10308,98,0,98,98,100.0
773,103,101,103,2,1.941747572815534
9219,100,0,100,100,100.0
10961,100,0,100,100,100.0
11175,93,87,90,3,3.225806451612903
6931,110,110,110,0,0.0
3854,98,0,98,98,100.0
353,97,0,96,96,98.96907216494846
7759,41,41,41,0,0.0
7840,99,0,99,99,100.0
1389,100,100,100,0,0.0
1376,100,0,100,100,100.0
5117,105,105,105,0,0.0
8733,101,101,101,0,0.0
2926,99,0,99,99,100.0
4011,99,0,99,99,100.0
3096,100,100,100,0,0.0
10186,103,103,103,0,0.0
3927,100,0,100,100,100.0
290,99,0,99,99,100.0
6710,101,101,101,0,0.0
1525,107,107,107,0,0.0
1155,95,95,95,0,0.0
5362,114,112,114,2,1.7543859649122806
4690,99,0,99,99,100.0
5173,99,99,99,0,0.0
4227,101,98,101,3,2.9702970297029703
3850,100,0,100,100,100.0
8380,101,0,101,101,100.0
8016,99,0,99,99,100.0
10735,111,107,111,4,3.6036036036036037
714,104,104,104,0,0.0
5209,100,0,100,100,100.0
5896,117,117,117,0,0.0
1916,107,107,107,0,0.0
8335,107,103,107,4,3.7383177570093458
10223,102,97,101,4,3.9215686274509802
7749,153,153,153,0,0.0
3911,133,133,133,0,0.0
8314,120,118,120,2,1.6666666666666667
8677,88,0,87,87,98.86363636363636
3474,122,122,122,0,0.0
4906,107,105,107,2,1.8691588785046729
11223,111,111,111,0,0.0
5816,99,0,99,99,100.0
103,103,103,103,0,0.0
6726,115,115,115,0,0.0
5000,100,0,100,100,100.0
73,99,99,99,0,0.0
1416,99,0,99,99,100.0
3274,100,0,100,100,100.0
1701,98,0,98,98,100.0
2545,98,0,98,98,100.0
7719,100,0,100,100,100.0
10201,100,0,100,100,100.0
5116,100,0,100,100,100.0
8695,103,103,103,0,0.0
4602,99,99,99,0,0.0
2371,111,111,111,0,0.0
2370,55,50,55,5,9.090909090909092
7092,100,0,100,100,100.0
3660,93,0,93,93,100.0
2179,99,0,99,99,100.0
7570,94,94,94,0,0.0
7688,100,0,100,100,100.0
2693,99,0,99,99,100.0
5800,114,110,114,4,3.508771929824561
6072,100,0,100,100,100.0
5442,98,98,98,0,0.0
8122,99,0,99,99,100.0
9960,100,0,100,100,100.0
9802,99,0,99,99,100.0
8065,105,105,105,0,0.0
4321,101,0,101,101,100.0
144,100,0,100,100,100.0
6790,100,0,100,100,100.0
4286,113,112,112,0,0.0
8785,99,0,99,99,100.0
2887,106,106,106,0,0.0
478,100,0,100,100,100.0
5222,104,100,104,4,3.8461538461538463
5004,100,0,100,100,100.0
4794,108,108,108,0,0.0
3034,99,0,99,99,100.0
4682,100,0,100,100,100.0
6263,109,109,109,0,0.0
4029,98,0,98,98,100.0
2643,100,98,100,2,2.0
4502,104,100,102,2,1.9230769230769231
5788,127,127,127,0,0.0
3521,100,0,100,100,100.0
8185,100,100,100,0,0.0
7457,100,0,100,100,100.0
10188,98,0,98,98,100.0
2860,110,110,110,0,0.0
9714,98,0,98,98,100.0
1675,112,112,112,0,0.0
11250,87,85,85,0,0.0
8865,125,125,125,0,0.0
5416,95,95,95,0,0.0
5393,100,0,100,100,100.0
9750,123,123,123,0,0.0
5978,121,116,118,2,1.6528925619834711
3383,98,0,98,98,100.0
10639,113,113,113,0,0.0
1354,100,72,100,28,28.0
8157,109,109,109,0,0.0
8530,98,0,98,98,100.0
5079,98,0,98,98,100.0
4107,99,0,99,99,100.0
5303,109,89,108,19,17.431192660550458
10907,125,125,125,0,0.0
2557,100,69,100,31,31.0
11066,92,86,92,6,6.521739130434782
5180,100,0,100,100,100.0
8887,100,0,100,100,100.0
5072,109,105,109,4,3.669724770642202
1616,98,0,98,98,100.0
4015,99,99,99,0,0.0
1252,99,0,99,99,100.0
4663,99,0,99,99,100.0
448,166,166,166,0,0.0
10292,99,95,99,4,4.040404040404041
9631,100,0,100,100,100.0
7532,98,0,98,98,100.0
5886,110,108,110,2,1.8181818181818181
7481,124,124,124,0,0.0
6626,100,0,100,100,100.0
3758,105,102,105,3,2.857142857142857
9649,128,128,128,0,0.0
6540,99,0,99,99,100.0
5057,100,0,100,100,100.0
9227,100,0,100,100,100.0
2867,99,0,99,99,100.0
1260,100,0,100,100,100.0
9798,102,102,102,0,0.0
10881,100,100,100,0,0.0
902,98,82,98,16,16.3265306122449
248,127,127,127,0,0.0
8716,100,0,100,100,100.0
3195,148,148,148,0,0.0
3693,100,100,100,0,0.0
50,99,0,99,99,100.0
10615,146,146,146,0,0.0
5952,100,0,100,100,100.0
4258,104,87,104,17,16.346153846153847
3659,108,108,108,0,0.0
2960,100,0,100,100,100.0
7769,100,0,100,100,100.0
9852,99,0,99,99,100.0
687,99,0,99,99,100.0
5959,102,101,101,0,0.0
9974,131,122,128,6,4.580152671755725
1132,100,0,100,100,100.0
11088,100,0,100,100,100.0
9668,134,134,134,0,0.0
6643,100,0,100,100,100.0
876,101,90,98,8,7.920792079207921
4098,100,0,100,100,100.0
2672,99,99,99,0,0.0
627,104,100,103,3,2.8846153846153846
5018,131,130,130,0,0.0
7572,98,0,98,98,100.0
8698,118,118,118,0,0.0
5698,103,103,103,0,0.0
5478,99,0,99,99,100.0
3954,100,0,100,100,100.0
8676,100,94,100,6,6.0
3503,99,0,99,99,100.0
1006,98,0,98,98,100.0
3625,117,117,117,0,0.0
6019,105,105,105,0,0.0
5891,22,0,22,22,100.0
7138,100,0,100,100,100.0
9272,117,117,117,0,0.0
9985,100,100,100,0,0.0
4749,101,0,101,101,100.0
4022,139,139,139,0,0.0
4135,100,0,100,100,100.0
10468,109,105,109,4,3.669724770642202
528,98,98,98,0,0.0
9682,99,0,99,99,100.0
1331,112,112,112,0,0.0
4637,100,94,100,6,6.0
3816,100,100,100,0,0.0
1370,102,102,102,0,0.0
6250,100,100,100,0,0.0
10596,117,117,117,0,0.0
11059,103,0,103,103,100.0
9508,100,100,100,0,0.0
7269,100,0,100,100,100.0
10121,87,87,87,0,0.0
9412,91,91,91,0,0.0
8,100,0,100,100,100.0
4605,98,0,98,98,100.0
6213,103,46,103,57,55.33980582524272
3061,98,0,98,98,100.0
8087,98,0,98,98,100.0
2145,99,0,99,99,100.0
2793,108,107,107,0,0.0
2292,99,0,99,99,100.0
2527,102,102,102,0,0.0
9660,132,132,132,0,0.0
8500,99,0,99,99,100.0
2808,101,100,100,0,0.0
16,99,0,99,99,100.0
5671,124,124,124,0,0.0
6816,100,0,100,100,100.0
1574,100,0,100,100,100.0
9321,117,86,116,30,25.641025641025642
9564,98,0,98,98,100.0
2690,103,103,103,0,0.0
7118,99,99,99,0,0.0
853,100,0,100,100,100.0
8890,107,107,107,0,0.0
1413,100,0,100,100,100.0
8036,98,58,98,40,40.816326530612244
1918,102,102,102,0,0.0
6185,111,0,111,111,100.0
2033,100,0,100,100,100.0
8057,83,77,81,4,4.819277108433735
3385,111,111,111,0,0.0
6938,103,103,103,0,0.0
3618,108,108,108,0,0.0
10845,102,102,102,0,0.0
6017,110,110,110,0,0.0
3888,100,100,100,0,0.0
8189,100,0,100,100,100.0
2889,99,0,99,99,100.0
8935,100,100,100,0,0.0
3520,100,0,100,100,100.0
5107,116,115,115,0,0.0
2650,100,0,100,100,100.0
2304,104,104,104,0,0.0
6397,120,120,120,0,0.0
6625,99,0,99,99,100.0
6807,100,0,100,100,100.0
11262,100,0,100,100,100.0
9698,110,110,110,0,0.0
8708,107,96,105,9,8.411214953271028
4335,100,0,100,100,100.0
2144,104,104,104,0,0.0
6701,108,58,108,50,46.2962962962963
6888,101,94,101,7,6.930693069306931
5346,99,89,99,10,10.1010101010101
11263,100,100,100,0,0.0
3016,99,0,99,99,100.0
6914,99,0,99,99,100.0
5996,98,88,98,10,10.204081632653061
6704,100,0,100,100,100.0
1470,98,0,98,98,100.0
2747,99,0,99,99,100.0
8473,104,104,104,0,0.0
9969,102,95,102,7,6.862745098039215
2764,99,99,99,0,0.0
4087,99,98,98,0,0.0
6328,122,118,122,4,3.278688524590164
4225,97,0,97,97,100.0
5073,122,122,122,0,0.0
788,99,0,99,99,100.0
2350,100,0,100,100,100.0
4955,99,0,99,99,100.0
5138,99,95,99,4,4.040404040404041
7189,98,0,98,98,100.0
8851,100,0,100,100,100.0
8406,99,99,99,0,0.0
6537,79,79,79,0,0.0
9048,100,0,100,100,100.0
6237,101,0,101,101,100.0
3665,98,98,98,0,0.0
6604,100,82,99,17,17.0
5580,99,0,99,99,100.0
3284,100,100,100,0,0.0
6974,105,105,105,0,0.0
4870,119,119,119,0,0.0
1362,104,104,104,0,0.0
3387,100,0,100,100,100.0
4876,102,95,101,6,5.882352941176471
5118,107,102,106,4,3.7383177570093458
4450,102,79,102,23,22.54901960784314
5277,110,110,110,0,0.0
6070,100,100,100,0,0.0
1375,91,88,91,3,3.2967032967032965
9246,98,0,98,98,100.0
6202,98,98,98,0,0.0
686,104,103,103,0,0.0
8771,105,105,105,0,0.0
951,96,92,96,4,4.166666666666667
7188,100,0,100,100,100.0
5987,102,102,102,0,0.0
2052,107,107,107,0,0.0
9093,100,0,100,100,100.0
854,146,146,146,0,0.0
787,100,0,100,100,100.0
7337,100,100,100,0,0.0
10187,100,0,100,100,100.0
4403,108,108,108,0,0.0
2287,99,36,99,63,63.63636363636363
8129,99,0,99,99,100.0
4161,99,0,99,99,100.0
2733,110,110,110,0,0.0
421,106,103,105,2,1.8867924528301887
3965,100,0,100,100,100.0
5034,161,161,161,0,0.0
9202,100,0,100,100,100.0
1674,104,101,104,3,2.8846153846153846
7362,101,99,99,0,0.0
4419,103,103,103,0,0.0
2779,108,108,108,0,0.0
6893,108,105,108,3,2.7777777777777777
899,99,99,99,0,0.0
3146,115,115,115,0,0.0
350,100,0,100,100,100.0
8238,106,103,106,3,2.830188679245283
10001,98,0,98,98,100.0
7328,95,95,95,0,0.0
3410,102,102,102,0,0.0
6530,99,0,99,99,100.0
3613,105,105,105,0,0.0
597,112,112,112,0,0.0
8613,111,111,111,0,0.0
6777,99,0,99,99,100.0
3893,101,0,101,101,100.0
7473,105,101,105,4,3.8095238095238093
8881,85,81,85,4,4.705882352941177
9507,108,80,108,28,25.925925925925927
3751,104,104,104,0,0.0
10893,130,130,130,0,0.0
1679,107,107,107,0,0.0
3973,100,100,100,0,0.0
9198,118,118,118,0,0.0
