record_id,status,feasible,strict_gain,dp_only_comparison,baseline_covered_count,candidate_covered_count,coverage_delta,baseline_common_max,candidate_max_on_baseline_covered,newly_covered_max_error,quality_accepted,numerical_allowance,newly_covered_count,newly_covered_error_sum,n_final_delta,n_P_output_delta,candidate_dp_max,comparator_dp_max,equivalent_readings,stratum,candidate_id,reference_id,protection_failures
3549,NO_DEMONSTRATED_GAIN,True,False,True,92,92,0,4.882616115914384,1.8905328512823425,,False,3.2465620058337215e-10,0,0,13,13,1.8905328512823425,4.882616115914384,False,HIGH_T0_D0,P2,R0,
3549,REJECTED_BY_CONSTRAINT,False,False,True,92,92,0,4.882616115914384,7.683183538714887,,False,3.2465620058337215e-10,0,0,-12,-12,7.683183538714887,4.882616115914384,False,HIGH_T0_D0,P10,R0,COMMON_DP_BUDGET_EXCEEDED
3203,NO_DEMONSTRATED_GAIN,True,False,True,110,110,0,4.614790717004969,2.6619355518086394,,False,1.8829286955868453e-10,0,0,9,9,1.5116428573761924,4.614790717004969,False,HIGH_T0_D0,P2,R0,
3203,REJECTED_BY_CONSTRAINT,False,False,True,110,110,0,4.614790717004969,9.137606925340403,,False,1.8829286955868453e-10,0,0,-9,-9,9.119111600897352,4.614790717004969,False,HIGH_T0_D0,P10,R0,COMMON_DP_BUDGET_EXCEEDED
867,NO_DEMONSTRATED_GAIN,True,False,True,85,85,0,3.4378922555170592,1.834004284633566,,False,4.2472315204873197e-10,0,0,4,4,1.834004284633566,3.4378922555170592,False,HIGH_T0_D0,P2,R0,
867,REJECTED_BY_CONSTRAINT,False,False,True,85,85,0,3.4378922555170592,8.209429426114147,,False,4.2472315204873197e-10,0,0,-2,-2,8.209429426114147,3.4378922555170592,False,HIGH_T0_D0,P10,R0,COMMON_DP_BUDGET_EXCEEDED
10449,NO_DEMONSTRATED_GAIN,True,False,True,97,97,0,5.924137532561916,5.924137532561916,,False,3.3195836293771033e-10,0,0,13,13,1.9942879279401853,4.9960113231523335,False,HIGH_T0_D0,P2,R0,
10449,REJECTED_BY_CONSTRAINT,False,False,True,97,97,0,5.924137532561916,9.693615661630016,,False,3.3195836293771033e-10,0,0,-5,-5,9.693615661630016,4.9960113231523335,False,HIGH_T0_D0,P10,R0,COMMON_DP_BUDGET_EXCEEDED
2308,NO_DEMONSTRATED_GAIN,True,False,True,37,37,0,17.86860191570068,17.478200702442308,,False,6.212842098194558e-10,0,0,3,3,1.5282495052425906,4.396012055481219,False,HIGH_T0_D0,P2,R0,
2308,REJECTED_BY_CONSTRAINT,False,False,True,37,37,0,17.86860191570068,17.37264528920316,,False,6.212842098194558e-10,0,0,-4,-4,8.82739236216124,4.396012055481219,False,HIGH_T0_D0,P10,R0,COMMON_DP_BUDGET_EXCEEDED
11355,NO_DEMONSTRATED_GAIN,True,False,True,113,113,0,21.860919954123066,21.860919954123066,,False,2.475975158066758e-10,0,0,14,14,1.7560717599648672,4.465713059835515,False,HIGH_T0_D0,P2,R0,
11355,REJECTED_BY_CONSTRAINT,False,False,True,113,113,0,21.860919954123066,21.860919954123066,,False,2.475975158066758e-10,0,0,-17,-17,9.547228844172327,4.465713059835515,False,HIGH_T0_D0,P10,R0,COMMON_DP_BUDGET_EXCEEDED
3357,NO_DEMONSTRATED_GAIN,True,False,True,102,102,0,90.05853344324127,90.05853344324127,,False,4.902497172775541e-10,0,0,11,11,1.7415498387819612,4.106485709768288,False,HIGH_T0_D0,P2,R0,
3357,REJECTED_BY_CONSTRAINT,False,False,True,102,102,0,90.05853344324127,90.05853344324127,,False,4.902497172775541e-10,0,0,-8,-8,7.155269516465034,4.106485709768288,False,HIGH_T0_D0,P10,R0,COMMON_DP_BUDGET_EXCEEDED
9779,NO_DEMONSTRATED_GAIN,True,False,True,107,107,0,13.573807986983613,13.573807986983613,,False,2.452431161843668e-10,0,0,17,17,1.6774270850758943,4.632570541207613,False,HIGH_T0_D0,P2,R0,
9779,REJECTED_BY_CONSTRAINT,False,False,True,107,107,0,13.573807986983613,13.573807986983613,,False,2.452431161843668e-10,0,0,-15,-15,9.657420041980787,4.632570541207613,False,HIGH_T0_D0,P10,R0,COMMON_DP_BUDGET_EXCEEDED
4773,NO_DEMONSTRATED_GAIN,True,False,True,102,102,0,4.6552723859854925,1.7249491263894965,,False,2.8641813787728355e-10,0,0,5,5,1.7249491263894965,4.6552723859854925,False,HIGH_T0_D0,P2,R0,
4773,REJECTED_BY_CONSTRAINT,False,False,True,102,102,0,4.6552723859854925,8.438239305816063,,False,2.8641813787728355e-10,0,0,-9,-9,8.438239305816063,4.6552723859854925,False,HIGH_T0_D0,P10,R0,COMMON_DP_BUDGET_EXCEEDED
3291,NO_DEMONSTRATED_GAIN,True,False,True,93,93,0,13.201318699660023,13.201318699660023,,False,1.9821480294905037e-10,0,0,17,17,1.920073552747294,4.6665361113548744,False,HIGH_T0_D0,P2,R0,
3291,REJECTED_BY_CONSTRAINT,False,False,True,93,93,0,13.201318699660023,14.502834661626078,,False,1.9821480294905037e-10,0,0,-8,-8,9.063374484999384,4.6665361113548744,False,HIGH_T0_D0,P10,R0,COMMON_DP_BUDGET_EXCEEDED
10433,NO_DEMONSTRATED_GAIN,True,False,True,91,91,0,4.805026533949225,1.8184312724422964,,False,6.533894170633158e-10,0,0,9,9,1.8184312724422964,4.805026533949225,False,HIGH_T0_D0,P2,R0,
10433,REJECTED_BY_CONSTRAINT,False,False,True,91,91,0,4.805026533949225,7.1492843521771805,,False,6.533894170633158e-10,0,0,-16,-16,7.1492843521771805,4.805026533949225,False,HIGH_T0_D0,P10,R0,COMMON_DP_BUDGET_EXCEEDED
9994,NO_DEMONSTRATED_GAIN,True,False,True,110,110,0,51.5592520708331,51.5592520708331,,False,2.4696017854709284e-10,0,0,16,16,1.8661950592817964,4.522920561453686,False,HIGH_T0_D0,P2,R0,
9994,REJECTED_BY_CONSTRAINT,False,False,True,110,110,0,51.5592520708331,51.5592520708331,,False,2.4696017854709284e-10,0,0,-10,-10,9.77565141821831,4.522920561453686,False,HIGH_T0_D0,P10,R0,COMMON_DP_BUDGET_EXCEEDED
1944,NO_DEMONSTRATED_GAIN,True,False,True,109,109,0,26.499835320721917,26.499835320721917,,False,2.1462816317068253e-10,0,0,12,12,1.9642237810013838,4.822228467808981,False,HIGH_T0_D1,P2,R0,
1944,REJECTED_BY_CONSTRAINT,False,False,True,109,109,0,26.499835320721917,26.499835320721917,,False,2.1462816317068253e-10,0,0,-9,-9,9.939618687883351,4.822228467808981,False,HIGH_T0_D1,P10,R0,COMMON_DP_BUDGET_EXCEEDED
8430,NO_DEMONSTRATED_GAIN,True,False,True,119,119,0,45.932671135374186,45.932671135374186,,False,2.37710250844155e-10,0,0,16,16,1.9732901673487546,4.64974207926895,False,HIGH_T0_D1,P2,R0,
8430,REJECTED_BY_CONSTRAINT,False,False,True,119,119,0,45.932671135374186,37.28313250324165,,False,2.37710250844155e-10,0,0,-10,-10,9.61954731666674,4.64974207926895,False,HIGH_T0_D1,P10,R0,COMMON_DP_BUDGET_EXCEEDED
1860,NO_DEMONSTRATED_GAIN,True,False,True,114,114,0,28.794151216274006,28.794151216274006,,False,1.2767853843463736e-10,0,0,14,14,1.812928278019637,4.923429558085217,False,HIGH_T0_D1,P2,R0,
1860,REJECTED_BY_CONSTRAINT,False,False,True,114,114,0,28.794151216274006,28.794151216274006,,False,1.2767853843463736e-10,0,0,-6,-6,9.887679000452048,4.923429558085217,False,HIGH_T0_D1,P10,R0,COMMON_DP_BUDGET_EXCEEDED
9222,NO_DEMONSTRATED_GAIN,True,False,True,86,86,0,47.99891069874779,47.99891069874779,,False,2.739195803044131e-10,0,0,11,11,1.6920101147393944,4.5059496675262265,False,HIGH_T0_D1,P2,R0,
9222,REJECTED_BY_CONSTRAINT,False,False,True,86,86,0,47.99891069874779,47.99891069874779,,False,2.739195803044131e-10,0,0,-7,-7,8.89666778698971,4.5059496675262265,False,HIGH_T0_D1,P10,R0,COMMON_DP_BUDGET_EXCEEDED
5431,NO_DEMONSTRATED_GAIN,True,False,True,106,106,0,4.7291107265798775,4.7291107265798775,,False,1.2324112861350852e-10,0,0,22,22,1.6592703048022854,4.540973706716448,False,HIGH_T0_D1,P2,R0,
5431,REJECTED_BY_CONSTRAINT,False,False,True,106,106,0,4.7291107265798775,8.297651855963508,,False,1.2324112861350852e-10,0,0,-7,-7,8.297651855963508,4.540973706716448,False,HIGH_T0_D1,P10,R0,COMMON_DP_BUDGET_EXCEEDED
9145,NO_DEMONSTRATED_GAIN,True,False,True,110,110,0,4.646827405209209,1.70834652196348,,False,4.4092188228127227e-10,0,0,7,7,1.70834652196348,4.646827405209209,False,HIGH_T0_D1,P2,R0,
9145,REJECTED_BY_CONSTRAINT,False,False,True,110,110,0,4.646827405209209,9.785269553590298,,False,4.4092188228127227e-10,0,0,-5,-5,9.785269553590298,4.646827405209209,False,HIGH_T0_D1,P10,R0,COMMON_DP_BUDGET_EXCEEDED
7186,NO_DEMONSTRATED_GAIN,True,False,True,101,101,0,4.120424365293695,1.993364822717402,,False,6.200991664995139e-10,0,0,2,2,1.993364822717402,4.120424365293695,False,HIGH_T0_D1,P2,R0,
7186,REJECTED_BY_CONSTRAINT,False,False,True,101,101,0,4.120424365293695,8.546378274629097,,False,6.200991664995139e-10,0,0,-4,-4,8.546378274629097,4.120424365293695,False,HIGH_T0_D1,P10,R0,COMMON_DP_BUDGET_EXCEEDED
11326,NO_DEMONSTRATED_GAIN,True,False,True,97,97,0,89.30217942551688,89.30217942551688,,False,3.493155536615053e-10,0,0,18,18,1.7062288069659823,4.988347195241182,False,HIGH_T0_D1,P2,R0,
11326,REJECTED_BY_CONSTRAINT,False,False,True,97,97,0,89.30217942551688,89.30217942551688,,False,3.493155536615053e-10,0,0,-6,-6,8.777421518624175,4.988347195241182,False,HIGH_T0_D1,P10,R0,COMMON_DP_BUDGET_EXCEEDED
4378,NO_DEMONSTRATED_GAIN,True,False,True,109,109,0,4.979568432885832,2.5801594020538743,,False,2.6181692034406977e-10,0,0,17,17,1.8620899721206572,4.979568432885832,False,HIGH_T0_D1,P2,R0,
4378,REJECTED_BY_CONSTRAINT,False,False,True,109,109,0,4.979568432885832,9.587906686592119,,False,2.6181692034406977e-10,0,0,-7,-7,9.587906686592119,4.979568432885832,False,HIGH_T0_D1,P10,R0,COMMON_DP_BUDGET_EXCEEDED
11021,NO_DEMONSTRATED_GAIN,True,False,True,105,105,0,10.078142001989997,10.078142001989997,,False,6.44208415705819e-10,0,0,13,13,1.926388888104064,4.056410046866857,False,HIGH_T0_D1,P2,R0,
11021,REJECTED_BY_CONSTRAINT,False,False,True,105,105,0,10.078142001989997,10.078142001989997,,False,6.44208415705819e-10,0,0,-11,-11,9.882188749100129,4.056410046866857,False,HIGH_T0_D1,P10,R0,COMMON_DP_BUDGET_EXCEEDED
5049,NO_DEMONSTRATED_GAIN,True,False,True,105,105,0,4.433694610408207,1.7410790997530454,,False,7.22445532899282e-10,0,0,10,10,1.7410790997530454,4.433694610408207,False,HIGH_T0_D1,P2,R0,
5049,REJECTED_BY_CONSTRAINT,False,False,True,105,105,0,4.433694610408207,9.594131751697619,,False,7.22445532899282e-10,0,0,-9,-9,9.594131751697619,4.433694610408207,False,HIGH_T0_D1,P10,R0,COMMON_DP_BUDGET_EXCEEDED
4381,NO_DEMONSTRATED_GAIN,True,False,True,101,101,0,7.324282047298341,7.324282047298341,,False,1.0674587942575199e-10,0,0,9,9,1.8780150892196987,4.564092892385903,False,HIGH_T0_D1,P2,R0,
4381,REJECTED_BY_CONSTRAINT,False,False,True,101,101,0,7.324282047298341,9.586051586169692,,False,1.0674587942575199e-10,0,0,-8,-8,9.586051586169692,4.564092892385903,False,HIGH_T0_D1,P10,R0,COMMON_DP_BUDGET_EXCEEDED
1378,NO_DEMONSTRATED_GAIN,True,False,True,79,79,0,80.75179415527165,80.75179415527165,,False,3.4773237972336945e-10,0,0,9,9,1.7787264977043453,4.721022121136405,False,HIGH_T1_D0,P2,R0,
1378,REJECTED_BY_CONSTRAINT,False,False,True,79,79,0,80.75179415527165,80.75179415527165,,False,3.4773237972336945e-10,0,0,-6,-6,9.720452612621683,4.721022121136405,False,HIGH_T1_D0,P10,R0,COMMON_DP_BUDGET_EXCEEDED
9613,NO_DEMONSTRATED_GAIN,True,False,True,108,108,0,4.837446468129582,1.4845895414061716,,False,6.180578900526707e-10,0,0,8,8,1.4845895414061716,4.837446468129582,False,HIGH_T1_D0,P2,R0,
9613,REJECTED_BY_CONSTRAINT,False,False,True,108,108,0,4.837446468129582,9.732423801912294,,False,6.180578900526707e-10,0,0,-6,-6,9.732423801912294,4.837446468129582,False,HIGH_T1_D0,P10,R0,COMMON_DP_BUDGET_EXCEEDED
1605,NO_DEMONSTRATED_GAIN,True,False,True,38,38,0,8.604270672683207,8.604270672683207,,False,1.7658405365571802e-10,0,0,5,5,1.8456472991789261,4.909098962636119,False,HIGH_T1_D0,P2,R0,
1605,REJECTED_BY_CONSTRAINT,False,False,True,38,38,0,8.604270672683207,9.466367978378043,,False,1.7658405365571802e-10,0,0,-5,-5,9.466367978378043,4.909098962636119,False,HIGH_T1_D0,P10,R0,COMMON_DP_BUDGET_EXCEEDED
6831,NO_DEMONSTRATED_GAIN,True,False,True,89,89,0,90.57090829537478,90.57090829537478,,False,3.466940580520407e-10,0,0,4,4,1.5849793233245717,3.9842037068599963,False,HIGH_T1_D0,P2,R0,
6831,REJECTED_BY_CONSTRAINT,False,False,True,89,89,0,90.57090829537478,90.57090829537478,,False,3.466940580520407e-10,0,0,-12,-12,9.541024768614013,3.9842037068599963,False,HIGH_T1_D0,P10,R0,COMMON_DP_BUDGET_EXCEEDED
2150,NO_DEMONSTRATED_GAIN,True,False,True,124,124,0,19.28493203592424,19.28493203592424,,False,2.5303671571383814e-10,0,0,22,22,1.8564958587072846,4.803178892439954,False,HIGH_T1_D0,P2,R0,
2150,REJECTED_BY_CONSTRAINT,False,False,True,124,124,0,19.28493203592424,19.28493203592424,,False,2.5303671571383814e-10,0,0,-9,-9,9.360309433937346,4.803178892439954,False,HIGH_T1_D0,P10,R0,COMMON_DP_BUDGET_EXCEEDED
1076,NO_DEMONSTRATED_GAIN,True,False,True,51,51,0,4.025560326855399,1.8175107987276333,,False,5.400217027297743e-10,0,0,2,2,1.8175107987276333,4.025560326855399,False,HIGH_T1_D0,P2,R0,
1076,REJECTED_BY_CONSTRAINT,False,False,True,51,51,0,4.025560326855399,9.710881083106601,,False,5.400217027297743e-10,0,0,-5,-5,9.710881083106601,4.025560326855399,False,HIGH_T1_D0,P10,R0,COMMON_DP_BUDGET_EXCEEDED
3189,NO_DEMONSTRATED_GAIN,True,False,True,111,111,0,7.6324712120256795,7.6324712120256795,,False,4.833631734711126e-10,0,0,13,13,1.8156100507012032,4.103851965088637,False,HIGH_T1_D0,P2,R0,
3189,REJECTED_BY_CONSTRAINT,False,False,True,111,111,0,7.6324712120256795,9.931365933974352,,False,4.833631734711126e-10,0,0,-17,-17,9.931365933974352,4.103851965088637,False,HIGH_T1_D0,P10,R0,COMMON_DP_BUDGET_EXCEEDED
8246,NO_DEMONSTRATED_GAIN,True,False,True,111,111,0,97.29633328192381,107.37654440318921,,False,2.9237245397642905e-10,0,0,12,12,1.835698158439156,4.600637772949391,False,HIGH_T1_D0,P2,R0,
8246,REJECTED_BY_CONSTRAINT,False,False,True,111,111,0,97.29633328192381,97.29633328192381,,False,2.9237245397642905e-10,0,0,-16,-16,9.108465054594504,4.600637772949391,False,HIGH_T1_D0,P10,R0,COMMON_DP_BUDGET_EXCEEDED
11017,NO_DEMONSTRATED_GAIN,True,False,True,87,87,0,71.52167093313736,71.52167093313736,,False,2.5289389362421813e-10,0,0,9,9,1.9104748021596658,4.498975799929224,False,HIGH_T1_D0,P2,R0,
11017,REJECTED_BY_CONSTRAINT,False,False,True,87,87,0,71.52167093313736,71.52167093313736,,False,2.5289389362421813e-10,0,0,-6,-6,9.458595966184692,4.498975799929224,False,HIGH_T1_D0,P10,R0,COMMON_DP_BUDGET_EXCEEDED
3680,NO_DEMONSTRATED_GAIN,True,False,True,62,62,0,101.20420781178919,101.20420781178919,,False,2.2273627098807547e-10,0,0,6,6,1.9047805775287459,3.68361254436719,False,HIGH_T1_D0,P2,R0,
3680,REJECTED_BY_CONSTRAINT,False,False,True,62,62,0,101.20420781178919,74.60734374062044,,False,2.2273627098807547e-10,0,0,-6,-6,9.733660694879928,3.68361254436719,False,HIGH_T1_D0,P10,R0,COMMON_DP_BUDGET_EXCEEDED
6412,NO_DEMONSTRATED_GAIN,True,False,True,97,97,0,75.82952408951631,75.82952408951631,,False,2.8291682097208367e-10,0,0,16,16,1.783200108304837,4.702033330434696,False,HIGH_T1_D0,P2,R0,
6412,REJECTED_BY_CONSTRAINT,False,False,True,97,97,0,75.82952408951631,75.82952408951631,,False,2.8291682097208367e-10,0,0,-21,-21,9.049119951690878,4.702033330434696,False,HIGH_T1_D0,P10,R0,COMMON_DP_BUDGET_EXCEEDED
2069,NO_DEMONSTRATED_GAIN,True,False,True,109,109,0,36.42233973619701,37.60025334846017,,False,1.6625877876187205e-10,0,0,17,17,1.9589393413205283,4.933668228618508,False,HIGH_T1_D0,P2,R0,
2069,REJECTED_BY_CONSTRAINT,False,False,True,109,109,0,36.42233973619701,36.42233973619701,,False,1.6625877876187205e-10,0,0,-13,-13,9.832398883452193,4.933668228618508,False,HIGH_T1_D0,P10,R0,COMMON_DP_BUDGET_EXCEEDED
6596,NO_DEMONSTRATED_GAIN,True,False,True,105,105,0,5.53513423601728,5.53513423601728,,False,6.793159648581908e-10,0,0,10,10,1.9602651516777223,4.9602244957747335,False,HIGH_T1_D1,P2,R0,
6596,REJECTED_BY_CONSTRAINT,False,False,True,105,105,0,5.53513423601728,8.156251885831841,,False,6.793159648581908e-10,0,0,-6,-6,8.156251885831841,4.9602244957747335,False,HIGH_T1_D1,P10,R0,COMMON_DP_BUDGET_EXCEEDED
5027,NO_DEMONSTRATED_GAIN,True,False,True,101,101,0,67.56473819925951,67.56473819925951,,False,1.9788554165785564e-10,0,0,19,19,1.9106546375990627,4.985450304183628,False,HIGH_T1_D1,P2,R0,
5027,REJECTED_BY_CONSTRAINT,False,False,True,101,101,0,67.56473819925951,67.56473819925951,,False,1.9788554165785564e-10,0,0,-13,-13,9.50480106486044,4.985450304183628,False,HIGH_T1_D1,P10,R0,COMMON_DP_BUDGET_EXCEEDED
10155,NO_DEMONSTRATED_GAIN,True,False,True,105,105,0,6.478539330463235,6.478539330463235,,False,3.605741956455815e-10,0,0,12,12,1.807486629912367,4.9536678200209066,False,HIGH_T1_D1,P2,R0,
10155,REJECTED_BY_CONSTRAINT,False,False,True,105,105,0,6.478539330463235,8.471667754244702,,False,3.605741956455815e-10,0,0,-5,-5,8.471667754244702,4.9536678200209066,False,HIGH_T1_D1,P10,R0,COMMON_DP_BUDGET_EXCEEDED
2759,NO_DEMONSTRATED_GAIN,True,False,True,115,115,0,4.833905942925377,1.7458731891624812,,False,2.338888571533078e-10,0,0,14,14,1.7458731891624812,4.833905942925377,False,HIGH_T1_D1,P2,R0,
2759,REJECTED_BY_CONSTRAINT,False,False,True,115,115,0,4.833905942925377,8.196378955308969,,False,2.338888571533078e-10,0,0,-11,-11,8.196378955308969,4.833905942925377,False,HIGH_T1_D1,P10,R0,COMMON_DP_BUDGET_EXCEEDED
5366,NO_DEMONSTRATED_GAIN,True,False,True,130,130,0,8.717382790953488,8.717382790953488,,False,1.814149726382477e-10,0,0,21,21,1.975807320513853,4.8180153987948415,False,HIGH_T1_D1,P2,R0,
5366,REJECTED_BY_CONSTRAINT,False,False,True,130,130,0,8.717382790953488,9.69548667327313,,False,1.814149726382477e-10,0,0,-21,-21,9.69548667327313,4.8180153987948415,False,HIGH_T1_D1,P10,R0,COMMON_DP_BUDGET_EXCEEDED
2668,NO_DEMONSTRATED_GAIN,True,False,True,104,104,0,4.873218077548873,3.0510798043743783,,False,2.088202487394611e-10,0,0,15,15,1.8575199420581314,4.873218077548873,False,HIGH_T1_D1,P2,R0,
2668,REJECTED_BY_CONSTRAINT,False,False,True,104,104,0,4.873218077548873,7.7637653451085615,,False,2.088202487394611e-10,0,0,-6,-6,7.7637653451085615,4.873218077548873,False,HIGH_T1_D1,P10,R0,COMMON_DP_BUDGET_EXCEEDED
5256,NO_DEMONSTRATED_GAIN,True,False,True,114,114,0,11.738063234426374,11.738063234426374,,False,2.9867716745979457e-10,0,0,17,17,1.8909630150441374,4.922694730773062,False,HIGH_T1_D1,P2,R0,
5256,REJECTED_BY_CONSTRAINT,False,False,True,114,114,0,11.738063234426374,11.589407086122554,,False,2.9867716745979457e-10,0,0,-11,-11,9.27419045116835,4.922694730773062,False,HIGH_T1_D1,P10,R0,COMMON_DP_BUDGET_EXCEEDED
3186,NO_DEMONSTRATED_GAIN,True,False,True,125,125,0,6.339758762273264,5.7603794641201125,,False,3.3924427131906703e-10,0,0,24,24,1.8833376159544963,4.839001293568957,False,HIGH_T1_D1,P2,R0,
3186,REJECTED_BY_CONSTRAINT,False,False,True,125,125,0,6.339758762273264,9.808416858085625,,False,3.3924427131906703e-10,0,0,-17,-17,9.808416858085625,4.839001293568957,False,HIGH_T1_D1,P10,R0,COMMON_DP_BUDGET_EXCEEDED
4915,NO_DEMONSTRATED_GAIN,True,False,True,104,104,0,88.6027421070208,88.6027421070208,,False,2.1745128196686008e-10,0,0,13,13,1.9986120657122588,4.79800434976144,False,HIGH_T1_D1,P2,R0,
4915,REJECTED_BY_CONSTRAINT,False,False,True,104,104,0,88.6027421070208,88.6027421070208,,False,2.1745128196686008e-10,0,0,-12,-12,9.482697776299183,4.79800434976144,False,HIGH_T1_D1,P10,R0,COMMON_DP_BUDGET_EXCEEDED
5707,NO_DEMONSTRATED_GAIN,True,False,True,96,96,0,44.626195705748984,44.626195705748984,,False,3.687587321327136e-10,0,0,8,8,1.8495473625949719,4.949968598115597,False,HIGH_T1_D1,P2,R0,
5707,REJECTED_BY_CONSTRAINT,False,False,True,96,96,0,44.626195705748984,44.626195705748984,,False,3.687587321327136e-10,0,0,-3,-3,8.81563335883994,4.949968598115597,False,HIGH_T1_D1,P10,R0,COMMON_DP_BUDGET_EXCEEDED
1718,NO_DEMONSTRATED_GAIN,True,False,True,103,103,0,10.068950298386667,10.068950298386667,,False,3.662278640235176e-10,0,0,10,10,1.9850989587233627,4.906279708819243,False,HIGH_T1_D1,P2,R0,
1718,REJECTED_BY_CONSTRAINT,False,False,True,103,103,0,10.068950298386667,10.068950298386667,,False,3.662278640235176e-10,0,0,-6,-6,7.696520255480196,4.906279708819243,False,HIGH_T1_D1,P10,R0,COMMON_DP_BUDGET_EXCEEDED
9002,NO_DEMONSTRATED_GAIN,True,False,True,116,116,0,8.122892525489256,8.122892525489256,,False,2.5236553970981265e-10,0,0,17,17,1.791824572198949,4.731861939077829,False,HIGH_T1_D1,P2,R0,
9002,REJECTED_BY_CONSTRAINT,False,False,True,116,116,0,8.122892525489256,9.795534579686755,,False,2.5236553970981265e-10,0,0,-12,-12,9.795534579686755,4.731861939077829,False,HIGH_T1_D1,P10,R0,COMMON_DP_BUDGET_EXCEEDED
3262,NO_DEMONSTRATED_GAIN,True,False,True,0,0,0,,,,False,3.29547909065517e-10,0,0,0,0,,,True,LOW_T0_D1,P2,R0,
3262,NO_DEMONSTRATED_GAIN,True,False,True,0,0,0,,,,False,3.29547909065517e-10,0,0,0,0,,,True,LOW_T0_D1,P10,R0,
4732,NO_DEMONSTRATED_GAIN,True,False,True,0,0,0,,,,False,2.5838141909278957e-10,0,0,0,0,,,True,LOW_T0_D1,P2,R0,
4732,NO_DEMONSTRATED_GAIN,True,False,True,0,0,0,,,,False,2.5838141909278957e-10,0,0,0,0,,,True,LOW_T0_D1,P10,R0,
9729,NO_DEMONSTRATED_GAIN,True,False,True,0,0,0,,,,False,2.4809554497264305e-11,0,0,0,0,,,True,LOW_T0_D1,P2,R0,
9729,NO_DEMONSTRATED_GAIN,True,False,True,0,0,0,,,,False,2.4809554497264305e-11,0,0,0,0,,,True,LOW_T0_D1,P10,R0,
5,NO_DEMONSTRATED_GAIN,True,False,True,0,0,0,,,,False,1.6944069257810094e-10,0,0,0,0,,,True,LOW_T0_D1,P2,R0,
5,NO_DEMONSTRATED_GAIN,True,False,True,0,0,0,,,,False,1.6944069257810094e-10,0,0,0,0,,,True,LOW_T0_D1,P10,R0,
5414,NO_DEMONSTRATED_GAIN,True,False,True,0,0,0,,,,False,1.5593907516749526e-10,0,0,0,0,,,True,LOW_T0_D1,P2,R0,
5414,NO_DEMONSTRATED_GAIN,True,False,True,0,0,0,,,,False,1.5593907516749526e-10,0,0,0,0,,,True,LOW_T0_D1,P10,R0,
4751,NO_DEMONSTRATED_GAIN,True,False,True,0,0,0,,,,False,1.8738330040897988e-10,0,0,0,0,,,True,LOW_T0_D1,P2,R0,
4751,NO_DEMONSTRATED_GAIN,True,False,True,0,0,0,,,,False,1.8738330040897988e-10,0,0,0,0,,,True,LOW_T0_D1,P10,R0,
11304,NO_DEMONSTRATED_GAIN,True,False,True,0,0,0,,,,False,3.65199208052627e-10,0,0,0,0,,,True,LOW_T0_D1,P2,R0,
11304,NO_DEMONSTRATED_GAIN,True,False,True,0,0,0,,,,False,3.65199208052627e-10,0,0,0,0,,,True,LOW_T0_D1,P10,R0,
7330,NO_DEMONSTRATED_GAIN,True,False,True,0,0,0,,,,False,2.982129862111395e-10,0,0,0,0,,,True,LOW_T0_D1,P2,R0,
7330,NO_DEMONSTRATED_GAIN,True,False,True,0,0,0,,,,False,2.982129862111395e-10,0,0,0,0,,,True,LOW_T0_D1,P10,R0,
5503,NO_DEMONSTRATED_GAIN,True,False,True,0,0,0,,,,False,8.444404105625438e-10,0,0,0,0,,,True,LOW_T0_D1,P2,R0,
5503,NO_DEMONSTRATED_GAIN,True,False,True,0,0,0,,,,False,8.444404105625438e-10,0,0,0,0,,,True,LOW_T0_D1,P10,R0,
5293,NO_DEMONSTRATED_GAIN,True,False,True,0,0,0,,,,False,2.570555805224803e-10,0,0,0,0,,,True,LOW_T0_D1,P2,R0,
5293,NO_DEMONSTRATED_GAIN,True,False,True,0,0,0,,,,False,2.570555805224803e-10,0,0,0,0,,,True,LOW_T0_D1,P10,R0,
8240,NO_DEMONSTRATED_GAIN,True,False,True,0,0,0,,,,False,4.587382595982998e-10,0,0,0,0,,,True,LOW_T0_D1,P2,R0,
8240,NO_DEMONSTRATED_GAIN,True,False,True,0,0,0,,,,False,4.587382595982998e-10,0,0,0,0,,,True,LOW_T0_D1,P10,R0,
9441,NO_DEMONSTRATED_GAIN,True,False,True,0,0,0,,,,False,1.5200479591818196e-10,0,0,0,0,,,True,LOW_T0_D1,P2,R0,
9441,NO_DEMONSTRATED_GAIN,True,False,True,0,0,0,,,,False,1.5200479591818196e-10,0,0,0,0,,,True,LOW_T0_D1,P10,R0,
217,NO_DEMONSTRATED_GAIN,True,False,True,0,0,0,,,,False,1.0716554125258319e-10,0,0,0,0,,,True,LOW_T1_D1,P2,R0,
217,NO_DEMONSTRATED_GAIN,True,False,True,0,0,0,,,,False,1.0716554125258319e-10,0,0,0,0,,,True,LOW_T1_D1,P10,R0,
130,NO_DEMONSTRATED_GAIN,True,False,True,0,0,0,,,,False,5.593905916693167e-10,0,0,0,0,,,True,LOW_T1_D1,P2,R0,
130,NO_DEMONSTRATED_GAIN,True,False,True,0,0,0,,,,False,5.593905916693167e-10,0,0,0,0,,,True,LOW_T1_D1,P10,R0,
799,NO_DEMONSTRATED_GAIN,True,False,True,0,0,0,,,,False,1.3898291060371437e-10,0,0,0,0,,,True,LOW_T1_D1,P2,R0,
799,NO_DEMONSTRATED_GAIN,True,False,True,0,0,0,,,,False,1.3898291060371437e-10,0,0,0,0,,,True,LOW_T1_D1,P10,R0,
4318,NO_DEMONSTRATED_GAIN,True,False,True,0,0,0,,,,False,2.1135901186514392e-10,0,0,0,0,,,True,LOW_T1_D1,P2,R0,
4318,NO_DEMONSTRATED_GAIN,True,False,True,0,0,0,,,,False,2.1135901186514392e-10,0,0,0,0,,,True,LOW_T1_D1,P10,R0,
6867,NO_DEMONSTRATED_GAIN,True,False,True,0,0,0,,,,False,2.570018873329962e-10,0,0,0,0,,,True,LOW_T1_D1,P2,R0,
6867,NO_DEMONSTRATED_GAIN,True,False,True,0,0,0,,,,False,2.570018873329962e-10,0,0,0,0,,,True,LOW_T1_D1,P10,R0,
4492,NO_DEMONSTRATED_GAIN,True,False,True,0,0,0,,,,False,4.726791243477567e-10,0,0,0,0,,,True,LOW_T1_D1,P2,R0,
4492,NO_DEMONSTRATED_GAIN,True,False,True,0,0,0,,,,False,4.726791243477567e-10,0,0,0,0,,,True,LOW_T1_D1,P10,R0,
4782,NO_DEMONSTRATED_GAIN,True,False,True,0,0,0,,,,False,2.698512436524702e-10,0,0,0,0,,,True,LOW_T1_D1,P2,R0,
4782,NO_DEMONSTRATED_GAIN,True,False,True,0,0,0,,,,False,2.698512436524702e-10,0,0,0,0,,,True,LOW_T1_D1,P10,R0,
4460,NO_DEMONSTRATED_GAIN,True,False,True,0,0,0,,,,False,1.8699827448044304e-10,0,0,0,0,,,True,LOW_T1_D1,P2,R0,
4460,NO_DEMONSTRATED_GAIN,True,False,True,0,0,0,,,,False,1.8699827448044304e-10,0,0,0,0,,,True,LOW_T1_D1,P10,R0,
7736,NO_DEMONSTRATED_GAIN,True,False,True,0,0,0,,,,False,7.729435274360015e-11,0,0,0,0,,,True,LOW_T1_D1,P2,R0,
7736,NO_DEMONSTRATED_GAIN,True,False,True,0,0,0,,,,False,7.729435274360015e-11,0,0,0,0,,,True,LOW_T1_D1,P10,R0,
9056,NO_DEMONSTRATED_GAIN,True,False,True,0,0,0,,,,False,8.012174531288261e-11,0,0,0,0,,,True,LOW_T1_D1,P2,R0,
9056,NO_DEMONSTRATED_GAIN,True,False,True,0,0,0,,,,False,8.012174531288261e-11,0,0,0,0,,,True,LOW_T1_D1,P10,R0,
8877,NO_DEMONSTRATED_GAIN,True,False,True,0,0,0,,,,False,1.0534238177864626e-10,0,0,0,0,,,True,LOW_T1_D1,P2,R0,
8877,NO_DEMONSTRATED_GAIN,True,False,True,0,0,0,,,,False,1.0534238177864626e-10,0,0,0,0,,,True,LOW_T1_D1,P10,R0,
611,NO_DEMONSTRATED_GAIN,True,False,True,0,0,0,,,,False,8.451167090909713e-11,0,0,0,0,,,True,LOW_T1_D1,P2,R0,
611,NO_DEMONSTRATED_GAIN,True,False,True,0,0,0,,,,False,8.451167090909713e-11,0,0,0,0,,,True,LOW_T1_D1,P10,R0,
6313,NO_DEMONSTRATED_GAIN,True,False,True,101,101,0,8.936051715773807,8.936051715773807,,False,1.2902230022201186e-10,0,0,11,11,1.974046254061362,4.753718337245171,False,MID_T0_D0,P2,R0,
6313,REJECTED_BY_CONSTRAINT,False,False,True,101,101,0,8.936051715773807,10.396159308545883,,False,1.2902230022201186e-10,0,0,-11,-11,7.859981042887555,4.753718337245171,False,MID_T0_D0,P10,R0,COMMON_DP_BUDGET_EXCEEDED
10089,NO_DEMONSTRATED_GAIN,True,False,True,99,99,0,4.7864009191626575,2.600760797067518,,False,2.587844903850396e-10,0,0,8,8,1.7893239203437699,4.7864009191626575,False,MID_T0_D0,P2,R0,
10089,REJECTED_BY_CONSTRAINT,False,False,True,99,99,0,4.7864009191626575,8.901056893563753,,False,2.587844903850396e-10,0,0,-9,-9,8.901056893563753,4.7864009191626575,False,MID_T0_D0,P10,R0,COMMON_DP_BUDGET_EXCEEDED
10232,NO_DEMONSTRATED_GAIN,True,False,True,98,98,0,5.940373318870127,4.032401200365339,,False,5.082821709229691e-10,0,0,8,8,1.7506423461456058,4.729191523380884,False,MID_T0_D0,P2,R0,
10232,REJECTED_BY_CONSTRAINT,False,False,True,98,98,0,5.940373318870127,7.852687730662065,,False,5.082821709229691e-10,0,0,-11,-11,7.2578147160718585,4.729191523380884,False,MID_T0_D0,P10,R0,COMMON_DP_BUDGET_EXCEEDED
11272,NO_DEMONSTRATED_GAIN,True,False,True,98,98,0,14.62263958666192,14.62263958666192,,False,3.6231673507526897e-10,0,0,15,15,1.767625640196068,4.995723520935228,False,MID_T0_D0,P2,R0,
11272,REJECTED_BY_CONSTRAINT,False,False,True,98,98,0,14.62263958666192,14.62263958666192,,False,3.6231673507526897e-10,0,0,-7,-7,8.306625523326867,4.995723520935228,False,MID_T0_D0,P10,R0,COMMON_DP_BUDGET_EXCEEDED
5633,NO_DEMONSTRATED_GAIN,True,False,True,115,115,0,21.04396741948196,21.04396741948196,,False,1.596427886649093e-10,0,0,16,16,1.9796308891806744,4.960926854360064,False,MID_T0_D0,P2,R0,
5633,REJECTED_BY_CONSTRAINT,False,False,True,115,115,0,21.04396741948196,21.04396741948196,,False,1.596427886649093e-10,0,0,-10,-10,9.876496098397384,4.960926854360064,False,MID_T0_D0,P10,R0,COMMON_DP_BUDGET_EXCEEDED
8061,NO_DEMONSTRATED_GAIN,True,False,True,99,99,0,34.13733625079084,34.13733625079084,,False,2.602082776305958e-10,0,0,13,13,1.671215618665318,4.927991909365771,False,MID_T0_D0,P2,R0,
8061,REJECTED_BY_CONSTRAINT,False,False,True,99,99,0,34.13733625079084,24.264660515946417,,False,2.602082776305958e-10,0,0,-8,-8,8.413088452283452,4.927991909365771,False,MID_T0_D0,P10,R0,COMMON_DP_BUDGET_EXCEEDED
89,NO_DEMONSTRATED_GAIN,True,False,True,100,100,0,4.290216334111505,1.3822628226760372,,False,2.9915661006550136e-10,0,0,9,9,1.3822628226760372,4.290216334111505,False,MID_T0_D0,P2,R0,
89,REJECTED_BY_CONSTRAINT,False,False,True,100,100,0,4.290216334111505,9.479167761595434,,False,2.9915661006550136e-10,0,0,-7,-7,9.410438697845722,4.290216334111505,False,MID_T0_D0,P10,R0,COMMON_DP_BUDGET_EXCEEDED
6225,NO_DEMONSTRATED_GAIN,True,False,True,99,99,0,5.262024662315194,1.9276744526387133,,False,1.7855440075373382e-10,0,0,8,8,1.9276744526387133,4.471093042944735,False,MID_T0_D0,P2,R0,
6225,REJECTED_BY_CONSTRAINT,False,False,True,99,99,0,5.262024662315194,8.603752988996023,,False,1.7855440075373382e-10,0,0,-6,-6,8.603752988996023,4.471093042944735,False,MID_T0_D0,P10,R0,COMMON_DP_BUDGET_EXCEEDED
82,NO_DEMONSTRATED_GAIN,True,False,True,98,98,0,5.051496622734519,3.8367677666342277,,False,1.9166049350174727e-10,0,0,9,9,1.9687321046561417,4.7527300927732075,False,MID_T0_D0,P2,R0,
82,REJECTED_BY_CONSTRAINT,False,False,True,98,98,0,5.051496622734519,7.498069485181226,,False,1.9166049350174727e-10,0,0,-4,-4,7.498069485181226,4.7527300927732075,False,MID_T0_D0,P10,R0,COMMON_DP_BUDGET_EXCEEDED
2713,NO_DEMONSTRATED_GAIN,True,False,True,100,100,0,4.9149480274291815,1.943665568341118,,False,1.6028530739253288e-10,0,0,8,8,1.8882774026721783,4.9149480274291815,False,MID_T0_D0,P2,R0,
2713,REJECTED_BY_CONSTRAINT,False,False,True,100,100,0,4.9149480274291815,7.400590037276725,,False,1.6028530739253288e-10,0,0,-5,-5,7.400590037276725,4.9149480274291815,False,MID_T0_D0,P10,R0,COMMON_DP_BUDGET_EXCEEDED
647,NO_DEMONSTRATED_GAIN,True,False,True,100,100,0,5.359587027893037,2.602658745532139,,False,7.267477962194887e-11,0,0,4,4,1.905251429815404,4.664444854359451,False,MID_T0_D0,P2,R0,
647,REJECTED_BY_CONSTRAINT,False,False,True,100,100,0,5.359587027893037,9.471900193473589,,False,7.267477962194887e-11,0,0,-2,-2,9.471900193473589,4.664444854359451,False,MID_T0_D0,P10,R0,COMMON_DP_BUDGET_EXCEEDED
3367,NO_DEMONSTRATED_GAIN,True,False,True,99,99,0,4.444115632030313,3.141283699530207,,False,2.2198569350283303e-10,0,0,11,11,1.9749623187756233,4.093071563975299,False,MID_T0_D0,P2,R0,
3367,REJECTED_BY_CONSTRAINT,False,False,True,99,99,0,4.444115632030313,9.763140355965572,,False,2.2198569350283303e-10,0,0,-3,-3,9.763140355965572,4.093071563975299,False,MID_T0_D0,P10,R0,COMMON_DP_BUDGET_EXCEEDED
9565,NO_DEMONSTRATED_GAIN,True,False,True,96,96,0,4.852720877743371,4.2182489834410415,,False,7.234840342969136e-10,0,0,6,6,1.995356040421378,4.852720877743371,False,MID_T0_D1,P2,R0,
9565,REJECTED_BY_CONSTRAINT,False,False,True,96,96,0,4.852720877743371,7.083051468639264,,False,7.234840342969136e-10,0,0,-5,-5,6.4545817749245264,4.852720877743371,False,MID_T0_D1,P10,R0,COMMON_DP_BUDGET_EXCEEDED
2141,NO_DEMONSTRATED_GAIN,True,False,True,102,102,0,28.98073602034228,28.98073602034228,,False,8.323385147339204e-11,0,0,2,2,1.618410545860704,3.664752775780224,False,MID_T0_D1,P2,R0,
2141,REJECTED_BY_CONSTRAINT,False,False,True,102,102,0,28.98073602034228,28.98073602034228,,False,8.323385147339204e-11,0,0,-4,-4,9.775488472435677,3.664752775780224,False,MID_T0_D1,P10,R0,COMMON_DP_BUDGET_EXCEEDED
11193,NO_DEMONSTRATED_GAIN,True,False,True,99,99,0,1.7495489479379476,1.7495489479379476,,False,2.612371233814667e-10,0,0,0,0,1.7495489479379476,1.7495489479379476,True,MID_T0_D1,P2,R0,
11193,REJECTED_BY_CONSTRAINT,False,False,True,99,99,0,1.7495489479379476,6.669386788627921,,False,2.612371233814667e-10,0,0,-3,-3,6.669386788627921,1.7495489479379476,False,MID_T0_D1,P10,R0,COMMON_DP_BUDGET_EXCEEDED
2286,NO_DEMONSTRATED_GAIN,True,False,True,0,0,0,,,,False,9.170371234104701e-11,0,0,0,0,,,True,MID_T0_D1,P2,R0,
2286,NO_DEMONSTRATED_GAIN,True,False,True,0,0,0,,,,False,9.170371234104701e-11,0,0,0,0,,,True,MID_T0_D1,P10,R0,
4448,NO_DEMONSTRATED_GAIN,True,False,True,0,0,0,,,,False,2.0052073036362481e-10,0,0,0,0,,,True,MID_T0_D1,P2,R0,
4448,NO_DEMONSTRATED_GAIN,True,False,True,0,0,0,,,,False,2.0052073036362481e-10,0,0,0,0,,,True,MID_T0_D1,P10,R0,
1628,NO_DEMONSTRATED_GAIN,True,False,True,100,100,0,4.8394197611986565,1.6498547746672516,,False,1.4243054750431587e-10,0,0,9,9,1.6498547746672516,4.8394197611986565,False,MID_T0_D1,P2,R0,
1628,REJECTED_BY_CONSTRAINT,False,False,True,100,100,0,4.8394197611986565,7.784473338154239,,False,1.4243054750431587e-10,0,0,-4,-4,7.784473338154239,4.8394197611986565,False,MID_T0_D1,P10,R0,COMMON_DP_BUDGET_EXCEEDED
10169,NO_DEMONSTRATED_GAIN,True,False,True,104,104,0,12.164480894087728,12.164480894087728,,False,3.6748583312562527e-10,0,0,4,4,1.9915885246799454,4.375646190255968,False,MID_T0_D1,P2,R0,
10169,REJECTED_BY_CONSTRAINT,False,False,True,104,104,0,12.164480894087728,13.436880565324042,,False,3.6748583312562527e-10,0,0,-7,-7,9.755170900816998,4.375646190255968,False,MID_T0_D1,P10,R0,COMMON_DP_BUDGET_EXCEEDED
7151,NO_DEMONSTRATED_GAIN,True,False,True,0,0,0,,,,False,4.865378954724564e-10,0,0,0,0,,,True,MID_T0_D1,P2,R0,
7151,NO_DEMONSTRATED_GAIN,True,False,True,0,0,0,,,,False,4.865378954724564e-10,0,0,0,0,,,True,MID_T0_D1,P10,R0,
10547,NO_DEMONSTRATED_GAIN,True,False,True,102,102,0,4.63584033930871,4.576308813857502,,False,1.7968471235648977e-10,0,0,6,6,1.6289201145857932,4.63584033930871,False,MID_T0_D1,P2,R0,
10547,REJECTED_BY_CONSTRAINT,False,False,True,102,102,0,4.63584033930871,9.089114475804614,,False,1.7968471235648977e-10,0,0,-4,-4,9.089114475804614,4.63584033930871,False,MID_T0_D1,P10,R0,COMMON_DP_BUDGET_EXCEEDED
10796,NO_DEMONSTRATED_GAIN,True,False,True,0,0,0,,,,False,1.4952289576885785e-10,0,0,0,0,,,True,MID_T0_D1,P2,R0,
10796,NO_DEMONSTRATED_GAIN,True,False,True,0,0,0,,,,False,1.4952289576885785e-10,0,0,0,0,,,True,MID_T0_D1,P10,R0,
7831,NO_DEMONSTRATED_GAIN,True,False,True,0,0,0,,,,False,5.803552828102924e-11,0,0,0,0,,,True,MID_T0_D1,P2,R0,
7831,NO_DEMONSTRATED_GAIN,True,False,True,0,0,0,,,,False,5.803552828102924e-11,0,0,0,0,,,True,MID_T0_D1,P10,R0,
4805,NO_DEMONSTRATED_GAIN,True,False,True,0,0,0,,,,False,2.63129038822691e-10,0,0,0,0,,,True,MID_T0_D1,P2,R0,
4805,NO_DEMONSTRATED_GAIN,True,False,True,0,0,0,,,,False,2.63129038822691e-10,0,0,0,0,,,True,MID_T0_D1,P10,R0,
2232,NO_DEMONSTRATED_GAIN,True,False,True,42,42,0,7.991256299500661,7.991256299500661,,False,2.1126792029323607e-10,0,0,9,9,1.9606133048928294,4.500238823066859,False,MID_T1_D0,P2,R0,
2232,REJECTED_BY_CONSTRAINT,False,False,True,42,42,0,7.991256299500661,10.453036364814075,,False,2.1126792029323607e-10,0,0,-13,-13,9.101695723609714,4.500238823066859,False,MID_T1_D0,P10,R0,COMMON_DP_BUDGET_EXCEEDED
7764,NO_DEMONSTRATED_GAIN,True,False,True,122,122,0,40.214764334442535,42.54590394990599,,False,2.7017536949079056e-10,0,0,14,14,1.8959774434600742,4.826419900439255,False,MID_T1_D0,P2,R0,
7764,REJECTED_BY_CONSTRAINT,False,False,True,122,122,0,40.214764334442535,40.214764334442535,,False,2.7017536949079056e-10,0,0,-13,-13,9.570623116182189,4.826419900439255,False,MID_T1_D0,P10,R0,COMMON_DP_BUDGET_EXCEEDED
2197,NO_DEMONSTRATED_GAIN,True,False,True,95,95,0,9.016289825206236,7.385731019286879,,False,5.512653806204798e-10,0,0,10,10,1.6520308724395074,4.908395862069723,False,MID_T1_D0,P2,R0,
2197,REJECTED_BY_CONSTRAINT,False,False,True,95,95,0,9.016289825206236,9.760615699324196,,False,5.512653806204798e-10,0,0,-2,-2,9.760615699324196,4.908395862069723,False,MID_T1_D0,P10,R0,COMMON_DP_BUDGET_EXCEEDED
6876,NO_DEMONSTRATED_GAIN,True,False,True,26,26,0,4.072169021700882,0.8908333818989613,,False,1.3104524601120637e-10,0,0,2,2,0.8908333818989613,4.072169021700882,False,MID_T1_D0,P2,R0,
6876,REJECTED_BY_CONSTRAINT,False,False,True,26,26,0,4.072169021700882,7.074145162615701,,False,1.3104524601120637e-10,0,0,-4,-4,7.074145162615701,4.072169021700882,False,MID_T1_D0,P10,R0,COMMON_DP_BUDGET_EXCEEDED
7875,NO_DEMONSTRATED_GAIN,True,False,True,0,0,0,,,,False,7.622690551279358e-11,0,0,0,0,,,True,MID_T1_D0,P2,R0,
7875,NO_DEMONSTRATED_GAIN,True,False,True,0,0,0,,,,False,7.622690551279358e-11,0,0,0,0,,,True,MID_T1_D0,P10,R0,
1686,NO_DEMONSTRATED_GAIN,True,False,True,32,32,0,73.97805462217451,73.97805462217451,,False,5.657019008637852e-10,0,0,2,2,1.066437064821564,2.492966386540829,False,MID_T1_D0,P2,R0,
1686,REJECTED_BY_CONSTRAINT,False,False,True,32,32,0,73.97805462217451,77.35742879443161,,False,5.657019008637852e-10,0,0,-4,-4,5.7698139113387,2.492966386540829,False,MID_T1_D0,P10,R0,COMMON_DP_BUDGET_EXCEEDED
4838,NO_DEMONSTRATED_GAIN,True,False,True,126,126,0,58.98909799611646,58.98909799611646,,False,2.1069560729663026e-10,0,0,22,22,1.9701991027045977,4.884660159174628,False,MID_T1_D0,P2,R0,
4838,REJECTED_BY_CONSTRAINT,False,False,True,126,126,0,58.98909799611646,58.98909799611646,,False,2.1069560729663026e-10,0,0,-15,-15,9.789355560211805,4.884660159174628,False,MID_T1_D0,P10,R0,COMMON_DP_BUDGET_EXCEEDED
1818,NO_DEMONSTRATED_GAIN,True,False,True,97,97,0,3.6856966073416393,2.2013015959881064,,False,3.5279306371723414e-10,0,0,9,9,1.7733094317361384,3.6856966073416393,False,MID_T1_D0,P2,R0,
1818,REJECTED_BY_CONSTRAINT,False,False,True,97,97,0,3.6856966073416393,7.975125005240309,,False,3.5279306371723414e-10,0,0,-3,-3,7.975125005240309,3.6856966073416393,False,MID_T1_D0,P10,R0,COMMON_DP_BUDGET_EXCEEDED
10810,NO_DEMONSTRATED_GAIN,True,False,True,102,102,0,15.976456333921005,15.976456333921005,,False,1.3960406357919586e-10,0,0,13,13,1.7779604998464669,4.196280828311618,False,MID_T1_D0,P2,R0,
10810,REJECTED_BY_CONSTRAINT,False,False,True,102,102,0,15.976456333921005,15.976456333921005,,False,1.3960406357919586e-10,0,0,-6,-6,8.518580966322903,4.196280828311618,False,MID_T1_D0,P10,R0,COMMON_DP_BUDGET_EXCEEDED
4953,NO_DEMONSTRATED_GAIN,True,False,True,100,100,0,10.090727725744726,9.83878409905474,,False,2.6745851391160115e-10,0,0,10,10,1.9010663503081662,4.444787701802814,False,MID_T1_D0,P2,R0,
4953,REJECTED_BY_CONSTRAINT,False,False,True,100,100,0,10.090727725744726,10.090727725744726,,False,2.6745851391160115e-10,0,0,-7,-7,8.934035024314351,4.444787701802814,False,MID_T1_D0,P10,R0,COMMON_DP_BUDGET_EXCEEDED
7404,NO_DEMONSTRATED_GAIN,True,False,True,66,66,0,35.75727829354304,35.75727829354304,,False,4.0953177904569946e-10,0,0,13,13,1.992232999976978,4.92293197940961,False,MID_T1_D0,P2,R0,
7404,REJECTED_BY_CONSTRAINT,False,False,True,66,66,0,35.75727829354304,20.897637574550274,,False,4.0953177904569946e-10,0,0,-4,-4,8.93279391419113,4.92293197940961,False,MID_T1_D0,P10,R0,COMMON_DP_BUDGET_EXCEEDED
3615,NO_DEMONSTRATED_GAIN,True,False,True,20,20,0,149.16818385984476,149.16818385984476,,False,2.6640117684854295e-10,0,0,0,0,0.2854245799298964,0.2854245799298964,True,MID_T1_D0,P2,R0,
3615,REJECTED_BY_CONSTRAINT,False,False,True,20,20,0,149.16818385984476,149.16818385984476,,False,2.6640117684854295e-10,0,0,-2,-2,6.012916696178699,0.2854245799298964,False,MID_T1_D0,P10,R0,COMMON_DP_BUDGET_EXCEEDED
3439,NO_DEMONSTRATED_GAIN,True,False,True,121,121,0,23.23065240992795,23.23065240992795,,False,1.7443616900177774e-10,0,0,20,20,1.8272673195610074,4.780833876892427,False,MID_T1_D1,P2,R0,
3439,REJECTED_BY_CONSTRAINT,False,False,True,121,121,0,23.23065240992795,23.23065240992795,,False,1.7443616900177774e-10,0,0,-13,-13,9.894364307029951,4.780833876892427,False,MID_T1_D1,P10,R0,COMMON_DP_BUDGET_EXCEEDED
9352,NO_DEMONSTRATED_GAIN,True,False,True,115,115,0,24.22384514868353,24.22384514868353,,False,1.6580415893303548e-10,0,0,13,13,1.9585699304045725,4.949088005932712,False,MID_T1_D1,P2,R0,
9352,REJECTED_BY_CONSTRAINT,False,False,True,115,115,0,24.22384514868353,24.22384514868353,,False,1.6580415893303548e-10,0,0,-14,-14,9.63531809212892,4.949088005932712,False,MID_T1_D1,P10,R0,COMMON_DP_BUDGET_EXCEEDED
5029,NO_DEMONSTRATED_GAIN,True,False,True,0,0,0,,,,False,7.342103738269666e-11,0,0,0,0,,,True,MID_T1_D1,P2,R0,
5029,NO_DEMONSTRATED_GAIN,True,False,True,0,0,0,,,,False,7.342103738269666e-11,0,0,0,0,,,True,MID_T1_D1,P10,R0,
10000,NO_DEMONSTRATED_GAIN,True,False,True,124,124,0,22.487099724858023,22.487099724858023,,False,1.4880463754090948e-10,0,0,6,6,1.8665500181433663,4.51618887202955,False,MID_T1_D1,P2,R0,
10000,REJECTED_BY_CONSTRAINT,False,False,True,124,124,0,22.487099724858023,18.4496207846661,,False,1.4880463754090948e-10,0,0,-6,-6,9.791382215105758,4.51618887202955,False,MID_T1_D1,P10,R0,COMMON_DP_BUDGET_EXCEEDED
2340,NO_DEMONSTRATED_GAIN,True,False,True,110,110,0,10.957598373732257,10.957598373732257,,False,2.5615984782725485e-10,0,0,9,9,1.5900748708258292,3.676999470098943,False,MID_T1_D1,P2,R0,
2340,REJECTED_BY_CONSTRAINT,False,False,True,110,110,0,10.957598373732257,10.957598373732257,,False,2.5615984782725485e-10,0,0,-7,-7,9.502114203075333,3.676999470098943,False,MID_T1_D1,P10,R0,COMMON_DP_BUDGET_EXCEEDED
7920,NO_DEMONSTRATED_GAIN,True,False,True,80,80,0,187.6375419804648,187.6375419804648,,False,9.167945211603163e-11,0,0,1,1,1.3782865943598575,4.676557527203366,False,MID_T1_D1,P2,R0,
7920,REJECTED_BY_CONSTRAINT,False,False,True,80,80,0,187.6375419804648,82.81311771188928,,False,9.167945211603163e-11,0,0,-5,-5,7.832129298860293,4.676557527203366,False,MID_T1_D1,P10,R0,COMMON_DP_BUDGET_EXCEEDED
10442,NO_DEMONSTRATED_GAIN,True,False,True,21,21,0,4.479680615761317,1.5578566762832444,,False,4.970190704454398e-10,0,0,2,2,1.5578566762832444,4.479680615761317,False,MID_T1_D1,P2,R0,
10442,REJECTED_BY_CONSTRAINT,False,False,True,21,21,0,4.479680615761317,8.498630526800081,,False,4.970190704454398e-10,0,0,-1,-1,8.498630526800081,4.479680615761317,False,MID_T1_D1,P10,R0,COMMON_DP_BUDGET_EXCEEDED
2034,NO_DEMONSTRATED_GAIN,True,False,True,93,93,0,14.844257786899107,14.844257786899107,,False,1.896021379458488e-10,0,0,4,4,1.5266254207963277,4.041938198383229,False,MID_T1_D1,P2,R0,
2034,REJECTED_BY_CONSTRAINT,False,False,True,93,93,0,14.844257786899107,14.844257786899107,,False,1.896021379458488e-10,0,0,-6,-6,9.65159894760592,4.041938198383229,False,MID_T1_D1,P10,R0,COMMON_DP_BUDGET_EXCEEDED
10051,NO_DEMONSTRATED_GAIN,True,False,True,111,111,0,24.303048773137295,24.303048773137295,,False,1.9241863538174816e-10,0,0,15,15,1.9532236033632766,4.959104070753008,False,MID_T1_D1,P2,R0,
10051,REJECTED_BY_CONSTRAINT,False,False,True,111,111,0,24.303048773137295,27.466415010382992,,False,1.9241863538174816e-10,0,0,-10,-10,8.774220279152129,4.959104070753008,False,MID_T1_D1,P10,R0,COMMON_DP_BUDGET_EXCEEDED
6556,NO_DEMONSTRATED_GAIN,True,False,True,0,0,0,,,,False,3.366923831187299e-10,0,0,0,0,,,True,MID_T1_D1,P2,R0,
6556,NO_DEMONSTRATED_GAIN,True,False,True,0,0,0,,,,False,3.366923831187299e-10,0,0,0,0,,,True,MID_T1_D1,P10,R0,
8456,NO_DEMONSTRATED_GAIN,True,False,True,107,107,0,14.696896176882962,14.407288604648432,,False,4.0586190330300665e-10,0,0,10,10,1.9307140333064206,4.576388605280112,False,MID_T1_D1,P2,R0,
8456,REJECTED_BY_CONSTRAINT,False,False,True,107,107,0,14.696896176882962,14.696896176882962,,False,4.0586190330300665e-10,0,0,-12,-12,9.649587279642809,4.576388605280112,False,MID_T1_D1,P10,R0,COMMON_DP_BUDGET_EXCEEDED
1676,NO_DEMONSTRATED_GAIN,True,False,True,104,104,0,9.38042710482628,9.38042710482628,,False,2.1594185533521225e-10,0,0,16,16,1.9984344271681478,4.645493409369551,False,MID_T1_D1,P2,R0,
1676,REJECTED_BY_CONSTRAINT,False,False,True,104,104,0,9.38042710482628,9.966395098197564,,False,2.1594185533521225e-10,0,0,-6,-6,9.966395098197564,4.645493409369551,False,MID_T1_D1,P10,R0,COMMON_DP_BUDGET_EXCEEDED
8424,NO_DEMONSTRATED_GAIN,True,False,True,112,112,0,6.359427840179674,6.359427840179674,,False,2.2133460498359134e-10,0,0,21,21,1.9179373723253237,4.795609338956205,False,HIGH_T0_D0,P2,R0,
8424,REJECTED_BY_CONSTRAINT,False,False,True,112,112,0,6.359427840179674,9.186359409632194,,False,2.2133460498359134e-10,0,0,-13,-13,9.186359409632194,4.795609338956205,False,HIGH_T0_D0,P10,R0,COMMON_DP_BUDGET_EXCEEDED
8435,NO_DEMONSTRATED_GAIN,True,False,True,104,104,0,4.837108626025525,4.837108626025525,,False,2.5602619384984e-10,0,0,16,16,1.954705512424893,4.586505122976801,False,HIGH_T0_D0,P2,R0,
8435,REJECTED_BY_CONSTRAINT,False,False,True,104,104,0,4.837108626025525,8.995376978798161,,False,2.5602619384984e-10,0,0,-11,-11,8.995376978798161,4.586505122976801,False,HIGH_T0_D0,P10,R0,COMMON_DP_BUDGET_EXCEEDED
3641,NO_DEMONSTRATED_GAIN,True,False,True,106,106,0,19.27953006556302,19.27953006556302,,False,2.5476572553878153e-10,0,0,15,15,1.9632613326697135,4.93857747294834,False,HIGH_T0_D0,P2,R0,
3641,REJECTED_BY_CONSTRAINT,False,False,True,106,106,0,19.27953006556302,19.27953006556302,,False,2.5476572553878153e-10,0,0,-10,-10,9.6781776832227,4.93857747294834,False,HIGH_T0_D0,P10,R0,COMMON_DP_BUDGET_EXCEEDED
1887,NO_DEMONSTRATED_GAIN,True,False,True,92,92,0,3.2353627251467483,1.946920784384124,,False,4.121661885051783e-10,0,0,4,4,1.946920784384124,3.2353627251467483,False,HIGH_T0_D0,P2,R0,
1887,REJECTED_BY_CONSTRAINT,False,False,True,92,92,0,3.2353627251467483,9.855522974135518,,False,4.121661885051783e-10,0,0,-8,-8,9.855522974135518,3.2353627251467483,False,HIGH_T0_D0,P10,R0,COMMON_DP_BUDGET_EXCEEDED
7027,NO_DEMONSTRATED_GAIN,True,False,True,107,107,0,18.15573396798886,18.15573396798886,,False,1.9974893551022392e-10,0,0,9,9,1.6131740245548534,4.960391922916612,False,HIGH_T0_D0,P2,R0,
7027,REJECTED_BY_CONSTRAINT,False,False,True,107,107,0,18.15573396798886,18.15573396798886,,False,1.9974893551022392e-10,0,0,-18,-18,9.500527308186474,4.960391922916612,False,HIGH_T0_D0,P10,R0,COMMON_DP_BUDGET_EXCEEDED
7171,NO_DEMONSTRATED_GAIN,True,False,True,116,116,0,72.3331415152164,72.3331415152164,,False,3.3417509932068295e-10,0,0,20,20,1.9735905418654665,4.9733327490458,False,HIGH_T0_D0,P2,R0,
7171,REJECTED_BY_CONSTRAINT,False,False,True,116,116,0,72.3331415152164,72.3331415152164,,False,3.3417509932068295e-10,0,0,-15,-15,9.981834680339972,4.9733327490458,False,HIGH_T0_D0,P10,R0,COMMON_DP_BUDGET_EXCEEDED
11325,NO_DEMONSTRATED_GAIN,True,False,True,101,101,0,96.99419806025864,96.99419806025864,,False,4.05651468778258e-10,0,0,9,9,1.9021936157246018,4.142866660219625,False,HIGH_T0_D0,P2,R0,
11325,REJECTED_BY_CONSTRAINT,False,False,True,101,101,0,96.99419806025864,96.99419806025864,,False,4.05651468778258e-10,0,0,-12,-12,9.93162126269541,4.142866660219625,False,HIGH_T0_D0,P10,R0,COMMON_DP_BUDGET_EXCEEDED
4125,NO_DEMONSTRATED_GAIN,True,False,True,97,97,0,23.946741133896435,23.946741133896435,,False,2.2608967393264943e-10,0,0,11,11,1.8739077487646976,4.949831913630092,False,HIGH_T0_D0,P2,R0,
4125,REJECTED_BY_CONSTRAINT,False,False,True,97,97,0,23.946741133896435,14.673483571529507,,False,2.2608967393264943e-10,0,0,-16,-16,9.750487862848262,4.949831913630092,False,HIGH_T0_D0,P10,R0,COMMON_DP_BUDGET_EXCEEDED
7153,NO_DEMONSTRATED_GAIN,True,False,True,82,82,0,31.689758950547454,31.689758950547454,,False,6.420222155639919e-10,0,0,7,7,1.765961957230986,3.4704181328558494,False,HIGH_T0_D0,P2,R0,
7153,REJECTED_BY_CONSTRAINT,False,False,True,82,82,0,31.689758950547454,31.689758950547454,,False,6.420222155639919e-10,0,0,-8,-8,9.964626910013381,3.4704181328558494,False,HIGH_T0_D0,P10,R0,COMMON_DP_BUDGET_EXCEEDED
2192,NO_DEMONSTRATED_GAIN,True,False,True,105,105,0,43.22895679910468,43.22895679910468,,False,1.6515626172253049e-10,0,0,20,20,1.9969404046257238,4.973850259136702,False,HIGH_T0_D0,P2,R0,
2192,REJECTED_BY_CONSTRAINT,False,False,True,105,105,0,43.22895679910468,43.22895679910468,,False,1.6515626172253049e-10,0,0,-6,-6,9.997151485007178,4.973850259136702,False,HIGH_T0_D0,P10,R0,COMMON_DP_BUDGET_EXCEEDED
10003,NO_DEMONSTRATED_GAIN,True,False,True,117,117,0,13.735378518183955,13.735378518183955,,False,1.7965988250878354e-10,0,0,11,11,1.9783602543867207,4.91545895198481,False,HIGH_T0_D0,P2,R0,
10003,REJECTED_BY_CONSTRAINT,False,False,True,117,117,0,13.735378518183955,13.963280258778076,,False,1.7965988250878354e-10,0,0,-19,-19,9.48259393467255,4.91545895198481,False,HIGH_T0_D0,P10,R0,COMMON_DP_BUDGET_EXCEEDED
7179,NO_DEMONSTRATED_GAIN,True,False,True,102,102,0,61.4738291008964,61.4738291008964,,False,4.5519829411410796e-10,0,0,12,12,1.5230542324894412,4.97275997871723,False,HIGH_T0_D0,P2,R0,
7179,REJECTED_BY_CONSTRAINT,False,False,True,102,102,0,61.4738291008964,61.4738291008964,,False,4.5519829411410796e-10,0,0,-13,-13,9.807345886278203,4.97275997871723,False,HIGH_T0_D0,P10,R0,COMMON_DP_BUDGET_EXCEEDED
7095,NO_DEMONSTRATED_GAIN,True,False,True,96,96,0,44.40871467587629,44.40871467587629,,False,6.789517198729695e-10,0,0,11,11,1.9599307595165598,4.503129961324831,False,HIGH_T0_D1,P2,R0,
7095,REJECTED_BY_CONSTRAINT,False,False,True,96,96,0,44.40871467587629,44.40871467587629,,False,6.789517198729695e-10,0,0,-2,-2,8.579866217547064,4.503129961324831,False,HIGH_T0_D1,P10,R0,COMMON_DP_BUDGET_EXCEEDED
10978,NO_DEMONSTRATED_GAIN,True,False,True,105,105,0,10.365439421318406,10.365439421318406,,False,1.0481316643935503e-10,0,0,16,16,1.7854771022627762,4.747971866029951,False,HIGH_T0_D1,P2,R0,
10978,REJECTED_BY_CONSTRAINT,False,False,True,105,105,0,10.365439421318406,10.365439421318406,,False,1.0481316643935503e-10,0,0,-7,-7,9.39190299434189,4.747971866029951,False,HIGH_T0_D1,P10,R0,COMMON_DP_BUDGET_EXCEEDED
2950,NO_DEMONSTRATED_GAIN,True,False,True,104,104,0,6.530120004672493,6.530120004672493,,False,5.308794274677932e-10,0,0,13,13,1.6817602556655928,4.688698267100705,False,HIGH_T0_D1,P2,R0,
2950,REJECTED_BY_CONSTRAINT,False,False,True,104,104,0,6.530120004672493,9.854861865155321,,False,5.308794274677932e-10,0,0,-12,-12,9.854861865155321,4.688698267100705,False,HIGH_T0_D1,P10,R0,COMMON_DP_BUDGET_EXCEEDED
11065,NO_DEMONSTRATED_GAIN,True,False,True,81,81,0,4.553519474316154,1.7772422774247698,,False,4.94308476519603e-10,0,0,15,15,1.7772422774247698,4.553519474316154,False,HIGH_T0_D1,P2,R0,
11065,REJECTED_BY_CONSTRAINT,False,False,True,81,81,0,4.553519474316154,8.814273262812168,,False,4.94308476519603e-10,0,0,-9,-9,8.814273262812168,4.553519474316154,False,HIGH_T0_D1,P10,R0,COMMON_DP_BUDGET_EXCEEDED
9407,NO_DEMONSTRATED_GAIN,True,False,True,107,107,0,9.142186227227226,9.142186227227226,,False,1.1660152469786449e-10,0,0,15,15,1.877211312227175,4.974789634343177,False,HIGH_T0_D1,P2,R0,
9407,REJECTED_BY_CONSTRAINT,False,False,True,107,107,0,9.142186227227226,9.602807568007686,,False,1.1660152469786449e-10,0,0,-7,-7,9.602807568007686,4.974789634343177,False,HIGH_T0_D1,P10,R0,COMMON_DP_BUDGET_EXCEEDED
2225,NO_DEMONSTRATED_GAIN,True,False,True,99,99,0,4.770390772108749,1.9430009341543388,,False,2.0373996127890673e-10,0,0,11,11,1.9430009341543388,4.770390772108749,False,HIGH_T0_D1,P2,R0,
2225,REJECTED_BY_CONSTRAINT,False,False,True,99,99,0,4.770390772108749,9.635961432244702,,False,2.0373996127890673e-10,0,0,-13,-13,9.635961432244702,4.770390772108749,False,HIGH_T0_D1,P10,R0,COMMON_DP_BUDGET_EXCEEDED
822,NO_DEMONSTRATED_GAIN,True,False,True,105,105,0,7.928371529974388,7.928371529974388,,False,2.994635893875364e-10,0,0,11,11,1.7001674240351938,4.079650280604695,False,HIGH_T0_D1,P2,R0,
822,REJECTED_BY_CONSTRAINT,False,False,True,105,105,0,7.928371529974388,9.329132001477102,,False,2.994635893875364e-10,0,0,-10,-10,9.329132001477102,4.079650280604695,False,HIGH_T0_D1,P10,R0,COMMON_DP_BUDGET_EXCEEDED
9996,NO_DEMONSTRATED_GAIN,True,False,True,109,109,0,4.743691359129336,4.568000302119864,,False,1.420499213511421e-10,0,0,8,8,1.9111394381872273,4.743691359129336,False,HIGH_T0_D1,P2,R0,
9996,REJECTED_BY_CONSTRAINT,False,False,True,109,109,0,4.743691359129336,9.798857941992468,,False,1.420499213511421e-10,0,0,-14,-14,9.798857941992468,4.743691359129336,False,HIGH_T0_D1,P10,R0,COMMON_DP_BUDGET_EXCEEDED
7289,NO_DEMONSTRATED_GAIN,True,False,True,109,109,0,4.540934016327228,1.9267136343237354,,False,6.840411039092823e-10,0,0,13,13,1.9267136343237354,4.540934016327228,False,HIGH_T0_D1,P2,R0,
7289,REJECTED_BY_CONSTRAINT,False,False,True,109,109,0,4.540934016327228,9.263095392087639,,False,6.840411039092823e-10,0,0,-8,-8,9.263095392087639,4.540934016327228,False,HIGH_T0_D1,P10,R0,COMMON_DP_BUDGET_EXCEEDED
8617,NO_DEMONSTRATED_GAIN,True,False,True,105,105,0,7.991788701128825,7.991788701128825,,False,3.2185218050348077e-10,0,0,15,15,1.9184262742457963,4.914995680966151,False,HIGH_T0_D1,P2,R0,
8617,REJECTED_BY_CONSTRAINT,False,False,True,105,105,0,7.991788701128825,9.796822325164115,,False,3.2185218050348077e-10,0,0,-14,-14,9.796822325164115,4.914995680966151,False,HIGH_T0_D1,P10,R0,COMMON_DP_BUDGET_EXCEEDED
2064,NO_DEMONSTRATED_GAIN,True,False,True,101,101,0,28.481835625105628,28.481835625105628,,False,2.699169811489435e-10,0,0,14,14,1.9870327826758223,4.617574461613077,False,HIGH_T0_D1,P2,R0,
2064,REJECTED_BY_CONSTRAINT,False,False,True,101,101,0,28.481835625105628,28.481835625105628,,False,2.699169811489435e-10,0,0,-15,-15,8.93319057247896,4.617574461613077,False,HIGH_T0_D1,P10,R0,COMMON_DP_BUDGET_EXCEEDED
7253,NO_DEMONSTRATED_GAIN,True,False,True,103,103,0,8.573982519227455,8.573982519227455,,False,3.691930750070522e-10,0,0,11,11,1.8223499359888933,4.739723469728434,False,HIGH_T0_D1,P2,R0,
7253,REJECTED_BY_CONSTRAINT,False,False,True,103,103,0,8.573982519227455,9.96619034181112,,False,3.691930750070522e-10,0,0,-12,-12,9.563071450607367,4.739723469728434,False,HIGH_T0_D1,P10,R0,COMMON_DP_BUDGET_EXCEEDED
3265,NO_DEMONSTRATED_GAIN,True,False,True,96,96,0,65.19805526289588,65.19805526289588,,False,1.222600181193853e-09,0,0,12,12,1.5847557290031544,4.991809407748854,False,HIGH_T1_D0,P2,R0,
3265,REJECTED_BY_CONSTRAINT,False,False,True,96,96,0,65.19805526289588,65.19805526289588,,False,1.222600181193853e-09,0,0,-8,-8,9.260584377912776,4.991809407748854,False,HIGH_T1_D0,P10,R0,COMMON_DP_BUDGET_EXCEEDED
4678,NO_DEMONSTRATED_GAIN,True,False,True,101,101,0,14.185982475596248,14.185982475596248,,False,1.771892658437076e-10,0,0,11,11,1.8240450999389957,4.597370243973806,False,HIGH_T1_D0,P2,R0,
4678,REJECTED_BY_CONSTRAINT,False,False,True,101,101,0,14.185982475596248,14.185982475596248,,False,1.771892658437076e-10,0,0,-10,-10,9.480982635653277,4.597370243973806,False,HIGH_T1_D0,P10,R0,COMMON_DP_BUDGET_EXCEEDED
2467,NO_DEMONSTRATED_GAIN,True,False,True,75,75,0,3.8642946388531048,1.9606129309835565,,False,3.4027122775882403e-10,0,0,4,4,1.9606129309835565,3.8642946388531048,False,HIGH_T1_D0,P2,R0,
2467,REJECTED_BY_CONSTRAINT,False,False,True,75,75,0,3.8642946388531048,9.19435852315267,,False,3.4027122775882403e-10,0,0,-3,-3,9.19435852315267,3.8642946388531048,False,HIGH_T1_D0,P10,R0,COMMON_DP_BUDGET_EXCEEDED
8522,NO_DEMONSTRATED_GAIN,True,False,True,108,108,0,12.278924852302733,12.278924852302733,,False,1.7725737682722295e-10,0,0,17,17,1.8443872682239881,4.962210666813273,False,HIGH_T1_D0,P2,R0,
8522,REJECTED_BY_CONSTRAINT,False,False,True,108,108,0,12.278924852302733,12.278924852302733,,False,1.7725737682722295e-10,0,0,-13,-13,9.889091678949528,4.962210666813273,False,HIGH_T1_D0,P10,R0,COMMON_DP_BUDGET_EXCEEDED
1880,NO_DEMONSTRATED_GAIN,True,False,True,108,108,0,54.419279645448015,54.419279645448015,,False,3.049126152648703e-10,0,0,13,13,1.9812324930553624,4.5775025892590815,False,HIGH_T1_D0,P2,R0,
1880,REJECTED_BY_CONSTRAINT,False,False,True,108,108,0,54.419279645448015,54.419279645448015,,False,3.049126152648703e-10,0,0,-13,-13,9.405605428248368,4.5775025892590815,False,HIGH_T1_D0,P10,R0,COMMON_DP_BUDGET_EXCEEDED
3725,NO_DEMONSTRATED_GAIN,True,False,True,104,104,0,25.177689186844017,25.920560382099517,,False,2.6736778994137e-10,0,0,12,12,1.8762067919863776,4.601998605293836,False,HIGH_T1_D0,P2,R0,
3725,REJECTED_BY_CONSTRAINT,False,False,True,104,104,0,25.177689186844017,25.177689186844017,,False,2.6736778994137e-10,0,0,-12,-12,9.304823731861632,4.601998605293836,False,HIGH_T1_D0,P10,R0,COMMON_DP_BUDGET_EXCEEDED
5943,NO_DEMONSTRATED_GAIN,True,False,True,106,106,0,35.44677108488653,35.44677108488653,,False,2.9955430651052394e-10,0,0,10,10,1.6303597392282272,4.903932485244471,False,HIGH_T1_D0,P2,R0,
5943,REJECTED_BY_CONSTRAINT,False,False,True,106,106,0,35.44677108488653,35.44677108488653,,False,2.9955430651052394e-10,0,0,-10,-10,8.69033908116391,4.903932485244471,False,HIGH_T1_D0,P10,R0,COMMON_DP_BUDGET_EXCEEDED
3479,NO_DEMONSTRATED_GAIN,True,False,True,114,114,0,136.11825855330267,136.11825855330267,,False,2.762792405517818e-10,0,0,11,11,1.930952546456251,4.6637508051957655,False,HIGH_T1_D0,P2,R0,
3479,REJECTED_BY_CONSTRAINT,False,False,True,114,114,0,136.11825855330267,136.11825855330267,,False,2.762792405517818e-10,0,0,-13,-13,9.807492862376765,4.6637508051957655,False,HIGH_T1_D0,P10,R0,COMMON_DP_BUDGET_EXCEEDED
7313,NO_DEMONSTRATED_GAIN,True,False,True,105,105,0,51.285213987489676,51.285213987489676,,False,2.508562218389936e-10,0,0,13,13,1.9961704297696456,3.8615558054722334,False,HIGH_T1_D0,P2,R0,
7313,REJECTED_BY_CONSTRAINT,False,False,True,105,105,0,51.285213987489676,51.285213987489676,,False,2.508562218389936e-10,0,0,-17,-17,9.897349641295966,3.8615558054722334,False,HIGH_T1_D0,P10,R0,COMMON_DP_BUDGET_EXCEEDED
588,NO_DEMONSTRATED_GAIN,True,False,True,108,108,0,60.91073621267138,60.91073621267138,,False,2.2119308623467122e-10,0,0,15,15,1.8849177653175488,4.8504472682862545,False,HIGH_T1_D0,P2,R0,
588,REJECTED_BY_CONSTRAINT,False,False,True,108,108,0,60.91073621267138,60.91073621267138,,False,2.2119308623467122e-10,0,0,-15,-15,9.726841200688463,4.8504472682862545,False,HIGH_T1_D0,P10,R0,COMMON_DP_BUDGET_EXCEEDED
4549,NO_DEMONSTRATED_GAIN,True,False,True,103,103,0,4.4505637464542795,1.9361420006991663,,False,3.0200486442805176e-10,0,0,11,11,1.9361420006991663,4.4505637464542795,False,HIGH_T1_D0,P2,R0,
4549,REJECTED_BY_CONSTRAINT,False,False,True,103,103,0,4.4505637464542795,9.982769014870502,,False,3.0200486442805176e-10,0,0,-12,-12,9.982769014870502,4.4505637464542795,False,HIGH_T1_D0,P10,R0,COMMON_DP_BUDGET_EXCEEDED
7795,NO_DEMONSTRATED_GAIN,True,False,True,120,120,0,4.801489806287612,1.9300983452092157,,False,2.2274347566371594e-10,0,0,21,21,1.9300983452092157,4.801489806287612,False,HIGH_T1_D0,P2,R0,
7795,REJECTED_BY_CONSTRAINT,False,False,True,120,120,0,4.801489806287612,10.560317040336365,,False,2.2274347566371594e-10,0,0,-18,-18,9.602403694007037,4.801489806287612,False,HIGH_T1_D0,P10,R0,COMMON_DP_BUDGET_EXCEEDED
11034,NO_DEMONSTRATED_GAIN,True,False,True,125,125,0,13.259590105226929,11.873520090768885,,False,1.9253940685657677e-10,0,0,22,22,1.9449797140752012,4.70467259748915,False,HIGH_T1_D1,P2,R0,
11034,REJECTED_BY_CONSTRAINT,False,False,True,125,125,0,13.259590105226929,13.259590105226929,,False,1.9253940685657677e-10,0,0,-14,-14,9.68585201786007,4.70467259748915,False,HIGH_T1_D1,P10,R0,COMMON_DP_BUDGET_EXCEEDED
11207,NO_DEMONSTRATED_GAIN,True,False,True,111,111,0,11.29539425042335,11.29539425042335,,False,4.1769004181976013e-10,0,0,14,14,1.9819959040599098,4.7515874813434635,False,HIGH_T1_D1,P2,R0,
11207,REJECTED_BY_CONSTRAINT,False,False,True,111,111,0,11.29539425042335,11.668155937360705,,False,4.1769004181976013e-10,0,0,-12,-12,9.836729384161213,4.7515874813434635,False,HIGH_T1_D1,P10,R0,COMMON_DP_BUDGET_EXCEEDED
8023,NO_DEMONSTRATED_GAIN,True,False,True,109,109,0,49.82510274044266,50.13733654461187,,False,1.932656061330749e-10,0,0,14,14,1.8934470574687017,4.5204764821241765,False,HIGH_T1_D1,P2,R0,
8023,REJECTED_BY_CONSTRAINT,False,False,True,109,109,0,49.82510274044266,49.82510274044266,,False,1.932656061330749e-10,0,0,-12,-12,9.512629585589876,4.5204764821241765,False,HIGH_T1_D1,P10,R0,COMMON_DP_BUDGET_EXCEEDED
10927,NO_DEMONSTRATED_GAIN,True,False,True,103,103,0,7.518165561382676,7.518165561382676,,False,3.7935134951637816e-10,0,0,17,17,1.626371734902525,4.978852764606289,False,HIGH_T1_D1,P2,R0,
10927,REJECTED_BY_CONSTRAINT,False,False,True,103,103,0,7.518165561382676,7.518165561382676,,False,3.7935134951637816e-10,0,0,-6,-6,7.357930387315212,4.978852764606289,False,HIGH_T1_D1,P10,R0,COMMON_DP_BUDGET_EXCEEDED
9880,NO_DEMONSTRATED_GAIN,True,False,True,105,105,0,41.02409257706169,41.02409257706169,,False,2.1974316429787797e-10,0,0,15,15,1.8515322532393277,4.8298606025795054,False,HIGH_T1_D1,P2,R0,
9880,REJECTED_BY_CONSTRAINT,False,False,True,105,105,0,41.02409257706169,41.02409257706169,,False,2.1974316429787797e-10,0,0,-11,-11,9.925129782528575,4.8298606025795054,False,HIGH_T1_D1,P10,R0,COMMON_DP_BUDGET_EXCEEDED
10601,NO_DEMONSTRATED_GAIN,True,False,True,97,97,0,10.325539914186251,10.325539914186251,,False,1.3068112197289634e-10,0,0,11,11,1.790878105973797,4.8199040833274,False,HIGH_T1_D1,P2,R0,
10601,REJECTED_BY_CONSTRAINT,False,False,True,97,97,0,10.325539914186251,10.325539914186251,,False,1.3068112197289634e-10,0,0,-7,-7,9.613560798991358,4.8199040833274,False,HIGH_T1_D1,P10,R0,COMMON_DP_BUDGET_EXCEEDED
9458,NO_DEMONSTRATED_GAIN,True,False,True,131,131,0,60.182966880067845,60.182966880067845,,False,2.415681892003641e-10,0,0,15,15,1.9591562103861095,4.6056874878534675,False,HIGH_T1_D1,P2,R0,
9458,REJECTED_BY_CONSTRAINT,False,False,True,131,131,0,60.182966880067845,60.182966880067845,,False,2.415681892003641e-10,0,0,-13,-13,9.631100042921128,4.6056874878534675,False,HIGH_T1_D1,P10,R0,COMMON_DP_BUDGET_EXCEEDED
9673,NO_DEMONSTRATED_GAIN,True,False,True,82,82,0,16.981771167882144,16.981771167882144,,False,1.4174991089762542e-10,0,0,20,20,1.6419013808454763,4.903492645017488,False,HIGH_T1_D1,P2,R0,
9673,REJECTED_BY_CONSTRAINT,False,False,True,82,82,0,16.981771167882144,13.009208838949066,,False,1.4174991089762542e-10,0,0,-5,-5,9.88052597164855,4.903492645017488,False,HIGH_T1_D1,P10,R0,COMMON_DP_BUDGET_EXCEEDED
2297,NO_DEMONSTRATED_GAIN,True,False,True,98,98,0,4.82821955639275,1.7854196069086476,,False,2.442632620584669e-10,0,0,16,16,1.7854196069086476,4.82821955639275,False,HIGH_T1_D1,P2,R0,
2297,REJECTED_BY_CONSTRAINT,False,False,True,98,98,0,4.82821955639275,6.539785112953614,,False,2.442632620584669e-10,0,0,-2,-2,6.539785112953614,4.82821955639275,False,HIGH_T1_D1,P10,R0,COMMON_DP_BUDGET_EXCEEDED
3028,NO_DEMONSTRATED_GAIN,True,False,True,147,147,0,50.4370891588213,50.4370891588213,,False,2.2729368441711945e-10,0,0,29,29,1.9167382516684717,4.807207547621361,False,HIGH_T1_D1,P2,R0,
3028,REJECTED_BY_CONSTRAINT,False,False,True,147,147,0,50.4370891588213,50.4370891588213,,False,2.2729368441711945e-10,0,0,-12,-12,9.416706595237583,4.807207547621361,False,HIGH_T1_D1,P10,R0,COMMON_DP_BUDGET_EXCEEDED
6212,NO_DEMONSTRATED_GAIN,True,False,True,105,105,0,15.991943716927107,15.991943716927107,,False,2.3779727710872823e-10,0,0,11,11,1.6672328650614403,4.212080741965645,False,HIGH_T1_D1,P2,R0,
6212,REJECTED_BY_CONSTRAINT,False,False,True,105,105,0,15.991943716927107,15.991943716927107,,False,2.3779727710872823e-10,0,0,-7,-7,9.535403141737127,4.212080741965645,False,HIGH_T1_D1,P10,R0,COMMON_DP_BUDGET_EXCEEDED
6779,NO_DEMONSTRATED_GAIN,True,False,True,120,120,0,9.542826915617278,9.64002455472576,,False,2.3135762279146781e-10,0,0,23,23,1.9776800048061183,4.76514436782091,False,HIGH_T1_D1,P2,R0,
6779,REJECTED_BY_CONSTRAINT,False,False,True,120,120,0,9.542826915617278,9.542826915617278,,False,2.3135762279146781e-10,0,0,-14,-14,8.795938627533639,4.76514436782091,False,HIGH_T1_D1,P10,R0,COMMON_DP_BUDGET_EXCEEDED
7711,NO_DEMONSTRATED_GAIN,True,False,True,0,0,0,,,,False,1.890440676607131e-10,0,0,0,0,,,True,LOW_T0_D1,P2,R0,
7711,NO_DEMONSTRATED_GAIN,True,False,True,0,0,0,,,,False,1.890440676607131e-10,0,0,0,0,,,True,LOW_T0_D1,P10,R0,
9787,NO_DEMONSTRATED_GAIN,True,False,True,0,0,0,,,,False,2.607414647104354e-10,0,0,0,0,,,True,LOW_T0_D1,P2,R0,
9787,NO_DEMONSTRATED_GAIN,True,False,True,0,0,0,,,,False,2.607414647104354e-10,0,0,0,0,,,True,LOW_T0_D1,P10,R0,
10913,NO_DEMONSTRATED_GAIN,True,False,True,0,0,0,,,,False,1.0071539571690839e-10,0,0,0,0,,,True,LOW_T0_D1,P2,R0,
10913,NO_DEMONSTRATED_GAIN,True,False,True,0,0,0,,,,False,1.0071539571690839e-10,0,0,0,0,,,True,LOW_T0_D1,P10,R0,
9709,NO_DEMONSTRATED_GAIN,True,False,True,0,0,0,,,,False,2.559149447305272e-10,0,0,0,0,,,True,LOW_T0_D1,P2,R0,
9709,NO_DEMONSTRATED_GAIN,True,False,True,0,0,0,,,,False,2.559149447305272e-10,0,0,0,0,,,True,LOW_T0_D1,P10,R0,
2025,NO_DEMONSTRATED_GAIN,True,False,True,0,0,0,,,,False,4.3134656917122597e-10,0,0,0,0,,,True,LOW_T0_D1,P2,R0,
2025,NO_DEMONSTRATED_GAIN,True,False,True,0,0,0,,,,False,4.3134656917122597e-10,0,0,0,0,,,True,LOW_T0_D1,P10,R0,
4536,NO_DEMONSTRATED_GAIN,True,False,True,0,0,0,,,,False,2.9001028661181544e-10,0,0,0,0,,,True,LOW_T0_D1,P2,R0,
4536,NO_DEMONSTRATED_GAIN,True,False,True,0,0,0,,,,False,2.9001028661181544e-10,0,0,0,0,,,True,LOW_T0_D1,P10,R0,
112,NO_DEMONSTRATED_GAIN,True,False,True,0,0,0,,,,False,5.458928977218669e-10,0,0,0,0,,,True,LOW_T0_D1,P2,R0,
112,NO_DEMONSTRATED_GAIN,True,False,True,0,0,0,,,,False,5.458928977218669e-10,0,0,0,0,,,True,LOW_T0_D1,P10,R0,
4930,NO_DEMONSTRATED_GAIN,True,False,True,0,0,0,,,,False,1.9748621071117632e-10,0,0,0,0,,,True,LOW_T0_D1,P2,R0,
4930,NO_DEMONSTRATED_GAIN,True,False,True,0,0,0,,,,False,1.9748621071117632e-10,0,0,0,0,,,True,LOW_T0_D1,P10,R0,
9069,NO_DEMONSTRATED_GAIN,True,False,True,0,0,0,,,,False,8.167231236720458e-11,0,0,0,0,,,True,LOW_T0_D1,P2,R0,
9069,NO_DEMONSTRATED_GAIN,True,False,True,0,0,0,,,,False,8.167231236720458e-11,0,0,0,0,,,True,LOW_T0_D1,P10,R0,
1596,NO_DEMONSTRATED_GAIN,True,False,True,0,0,0,,,,False,1.171402077387876e-10,0,0,0,0,,,True,LOW_T0_D1,P2,R0,
1596,NO_DEMONSTRATED_GAIN,True,False,True,0,0,0,,,,False,1.171402077387876e-10,0,0,0,0,,,True,LOW_T0_D1,P10,R0,
4153,NO_DEMONSTRATED_GAIN,True,False,True,0,0,0,,,,False,5.975516740699304e-10,0,0,0,0,,,True,LOW_T0_D1,P2,R0,
4153,NO_DEMONSTRATED_GAIN,True,False,True,0,0,0,,,,False,5.975516740699304e-10,0,0,0,0,,,True,LOW_T0_D1,P10,R0,
8941,NO_DEMONSTRATED_GAIN,True,False,True,0,0,0,,,,False,1.7207961696945632e-10,0,0,0,0,,,True,LOW_T0_D1,P2,R0,
8941,NO_DEMONSTRATED_GAIN,True,False,True,0,0,0,,,,False,1.7207961696945632e-10,0,0,0,0,,,True,LOW_T0_D1,P10,R0,
139,NO_DEMONSTRATED_GAIN,True,False,True,0,0,0,,,,False,5.509732411478366e-10,0,0,0,0,,,True,LOW_T1_D1,P2,R0,
139,NO_DEMONSTRATED_GAIN,True,False,True,0,0,0,,,,False,5.509732411478366e-10,0,0,0,0,,,True,LOW_T1_D1,P10,R0,
6008,NO_DEMONSTRATED_GAIN,True,False,True,0,0,0,,,,False,3.248896604799145e-10,0,0,0,0,,,True,LOW_T1_D1,P2,R0,
6008,NO_DEMONSTRATED_GAIN,True,False,True,0,0,0,,,,False,3.248896604799145e-10,0,0,0,0,,,True,LOW_T1_D1,P10,R0,
4155,NO_DEMONSTRATED_GAIN,True,False,True,0,0,0,,,,False,4.687911774434301e-10,0,0,0,0,,,True,LOW_T1_D1,P2,R0,
4155,NO_DEMONSTRATED_GAIN,True,False,True,0,0,0,,,,False,4.687911774434301e-10,0,0,0,0,,,True,LOW_T1_D1,P10,R0,
6763,NO_DEMONSTRATED_GAIN,True,False,True,0,0,0,,,,False,3.5918170554082236e-10,0,0,0,0,,,True,LOW_T1_D1,P2,R0,
6763,NO_DEMONSTRATED_GAIN,True,False,True,0,0,0,,,,False,3.5918170554082236e-10,0,0,0,0,,,True,LOW_T1_D1,P10,R0,
7137,NO_DEMONSTRATED_GAIN,True,False,True,0,0,0,,,,False,4.269124193475939e-10,0,0,0,0,,,True,LOW_T1_D1,P2,R0,
7137,NO_DEMONSTRATED_GAIN,True,False,True,0,0,0,,,,False,4.269124193475939e-10,0,0,0,0,,,True,LOW_T1_D1,P10,R0,
4712,NO_DEMONSTRATED_GAIN,True,False,True,0,0,0,,,,False,2.423020683948009e-10,0,0,0,0,,,True,LOW_T1_D1,P2,R0,
4712,NO_DEMONSTRATED_GAIN,True,False,True,0,0,0,,,,False,2.423020683948009e-10,0,0,0,0,,,True,LOW_T1_D1,P10,R0,
6168,NO_DEMONSTRATED_GAIN,True,False,True,0,0,0,,,,False,2.2281063576324693e-10,0,0,0,0,,,True,LOW_T1_D1,P2,R0,
6168,NO_DEMONSTRATED_GAIN,True,False,True,0,0,0,,,,False,2.2281063576324693e-10,0,0,0,0,,,True,LOW_T1_D1,P10,R0,
14,NO_DEMONSTRATED_GAIN,True,False,True,0,0,0,,,,False,3.4311788185806253e-11,0,0,0,0,,,True,LOW_T1_D1,P2,R0,
14,NO_DEMONSTRATED_GAIN,True,False,True,0,0,0,,,,False,3.4311788185806253e-11,0,0,0,0,,,True,LOW_T1_D1,P10,R0,
9296,NO_DEMONSTRATED_GAIN,True,False,True,0,0,0,,,,False,1.8320608676765283e-10,0,0,0,0,,,True,LOW_T1_D1,P2,R0,
9296,NO_DEMONSTRATED_GAIN,True,False,True,0,0,0,,,,False,1.8320608676765283e-10,0,0,0,0,,,True,LOW_T1_D1,P10,R0,
9242,NO_DEMONSTRATED_GAIN,True,False,True,0,0,0,,,,False,1.9518778050665705e-10,0,0,0,0,,,True,LOW_T1_D1,P2,R0,
9242,NO_DEMONSTRATED_GAIN,True,False,True,0,0,0,,,,False,1.9518778050665705e-10,0,0,0,0,,,True,LOW_T1_D1,P10,R0,
7616,NO_DEMONSTRATED_GAIN,True,False,True,0,0,0,,,,False,8.139415909471776e-11,0,0,0,0,,,True,LOW_T1_D1,P2,R0,
7616,NO_DEMONSTRATED_GAIN,True,False,True,0,0,0,,,,False,8.139415909471776e-11,0,0,0,0,,,True,LOW_T1_D1,P10,R0,
8152,NO_DEMONSTRATED_GAIN,True,False,True,0,0,0,,,,False,1.1239360138781376e-10,0,0,0,0,,,True,LOW_T1_D1,P2,R0,
8152,NO_DEMONSTRATED_GAIN,True,False,True,0,0,0,,,,False,1.1239360138781376e-10,0,0,0,0,,,True,LOW_T1_D1,P10,R0,
9467,NO_DEMONSTRATED_GAIN,True,False,True,105,105,0,5.196009018422919,5.196009018422919,,False,2.590275092555328e-10,0,0,17,17,1.9679696675879006,4.85586226874292,False,MID_T0_D0,P2,R0,
9467,REJECTED_BY_CONSTRAINT,False,False,True,105,105,0,5.196009018422919,11.454534410677297,,False,2.590275092555328e-10,0,0,-8,-8,8.962792354508148,4.85586226874292,False,MID_T0_D0,P10,R0,COMMON_DP_BUDGET_EXCEEDED
10887,NO_DEMONSTRATED_GAIN,True,False,True,99,99,0,4.410232527245828,1.94409111725183,,False,1.6265839381365128e-10,0,0,8,8,1.94409111725183,4.410232527245828,False,MID_T0_D0,P2,R0,
10887,REJECTED_BY_CONSTRAINT,False,False,True,99,99,0,4.410232527245828,7.5349447127137426,,False,1.6265839381365128e-10,0,0,-4,-4,7.5349447127137426,4.410232527245828,False,MID_T0_D0,P10,R0,COMMON_DP_BUDGET_EXCEEDED
4357,NO_DEMONSTRATED_GAIN,True,False,True,101,101,0,4.672498492832109,3.003810777738473,,False,1.3551459089865766e-10,0,0,7,7,1.8175013215284186,4.672498492832109,False,MID_T0_D0,P2,R0,
4357,REJECTED_BY_CONSTRAINT,False,False,True,101,101,0,4.672498492832109,8.066560740778012,,False,1.3551459089865766e-10,0,0,-6,-6,8.066560740778012,4.672498492832109,False,MID_T0_D0,P10,R0,COMMON_DP_BUDGET_EXCEEDED
7270,NO_DEMONSTRATED_GAIN,True,False,True,20,20,0,7.566242275074739,7.566242275074739,,False,2.827584343165715e-10,0,0,5,5,1.110960060651434,4.887359667427899,False,MID_T0_D0,P2,R0,
7270,REJECTED_BY_CONSTRAINT,False,False,True,20,20,0,7.566242275074739,7.641660198994763,,False,2.827584343165715e-10,0,0,-2,-2,7.641660198994763,4.887359667427899,False,MID_T0_D0,P10,R0,COMMON_DP_BUDGET_EXCEEDED
10677,NO_DEMONSTRATED_GAIN,True,False,True,100,100,0,4.72943040136683,1.4550863970988819,,False,1.548556273904515e-10,0,0,11,11,1.289856828754837,4.72943040136683,False,MID_T0_D0,P2,R0,
10677,NO_DEMONSTRATED_GAIN,True,False,True,100,100,0,4.72943040136683,4.72943040136683,,False,1.548556273904515e-10,0,0,0,0,4.72943040136683,4.72943040136683,True,MID_T0_D0,P10,R0,
827,NO_DEMONSTRATED_GAIN,True,False,True,98,98,0,7.412828644002152,7.412828644002152,,False,5.638411300433605e-10,0,0,12,12,1.9733970183417573,4.881524196406085,False,MID_T0_D0,P2,R0,
827,REJECTED_BY_CONSTRAINT,False,False,True,98,98,0,7.412828644002152,7.049544075115953,,False,5.638411300433605e-10,0,0,-6,-6,6.5479536057699095,4.881524196406085,False,MID_T0_D0,P10,R0,COMMON_DP_BUDGET_EXCEEDED
955,NO_DEMONSTRATED_GAIN,True,False,True,100,100,0,18.192867719720986,18.192867719720986,,False,1.826466054312935e-10,0,0,11,11,1.9524756791368343,4.729822599993606,False,MID_T0_D0,P2,R0,
955,REJECTED_BY_CONSTRAINT,False,False,True,100,100,0,18.192867719720986,18.192867719720986,,False,1.826466054312935e-10,0,0,-7,-7,7.877867651710431,4.729822599993606,False,MID_T0_D0,P10,R0,COMMON_DP_BUDGET_EXCEEDED
2148,NO_DEMONSTRATED_GAIN,True,False,True,100,100,0,4.197072165343453,2.454289595777413,,False,1.657391448735285e-10,0,0,11,11,1.9692056725139755,4.197072165343453,False,MID_T0_D0,P2,R0,
2148,REJECTED_BY_CONSTRAINT,False,False,True,100,100,0,4.197072165343453,6.657936164859557,,False,1.657391448735285e-10,0,0,-2,-2,6.657936164859557,4.197072165343453,False,MID_T0_D0,P10,R0,COMMON_DP_BUDGET_EXCEEDED
3715,NO_DEMONSTRATED_GAIN,True,False,True,98,98,0,4.909184655786909,3.453481202858703,,False,3.4369437481477883e-10,0,0,8,8,1.8848459850132602,4.909184655786909,False,MID_T0_D0,P2,R0,
3715,REJECTED_BY_CONSTRAINT,False,False,True,98,98,0,4.909184655786909,7.786311526792049,,False,3.4369437481477883e-10,0,0,-6,-6,7.786311526792049,4.909184655786909,False,MID_T0_D0,P10,R0,COMMON_DP_BUDGET_EXCEEDED
9036,NO_DEMONSTRATED_GAIN,True,False,True,100,100,0,4.880657491246775,1.8129318286815486,,False,2.8543765762023836e-10,0,0,10,10,1.8129318286815486,4.880657491246775,False,MID_T0_D0,P2,R0,
9036,REJECTED_BY_CONSTRAINT,False,False,True,100,100,0,4.880657491246775,6.915929987609698,,False,2.8543765762023836e-10,0,0,-3,-3,6.705840306008977,4.880657491246775,False,MID_T0_D0,P10,R0,COMMON_DP_BUDGET_EXCEEDED
3131,NO_DEMONSTRATED_GAIN,True,False,True,100,100,0,4.849278129563644,1.8890668334991918,,False,3.762035328454728e-10,0,0,8,8,1.8822950590975682,4.849278129563644,False,MID_T0_D0,P2,R0,
3131,REJECTED_BY_CONSTRAINT,False,False,True,100,100,0,4.849278129563644,9.85294491561966,,False,3.762035328454728e-10,0,0,-5,-5,9.85294491561966,4.849278129563644,False,MID_T0_D0,P10,R0,COMMON_DP_BUDGET_EXCEEDED
6871,NO_DEMONSTRATED_GAIN,True,False,True,100,100,0,3.9375518351807015,1.2601864123632947,,False,5.952974544216994e-10,0,0,5,5,1.2601864123632947,3.9375518351807015,False,MID_T0_D0,P2,R0,
6871,REJECTED_BY_CONSTRAINT,False,False,True,100,100,0,3.9375518351807015,6.637440843701847,,False,5.952974544216994e-10,0,0,-2,-2,6.637440843701847,3.9375518351807015,False,MID_T0_D0,P10,R0,COMMON_DP_BUDGET_EXCEEDED
11351,NO_DEMONSTRATED_GAIN,True,False,True,0,0,0,,,,False,2.0975358143525755e-10,0,0,0,0,,,True,MID_T0_D1,P2,R0,
11351,NO_DEMONSTRATED_GAIN,True,False,True,0,0,0,,,,False,2.0975358143525755e-10,0,0,0,0,,,True,MID_T0_D1,P10,R0,
7033,NO_DEMONSTRATED_GAIN,True,False,True,102,102,0,2.455900163598016,1.0035263274343182,,False,2.905189011851022e-10,0,0,1,1,1.0035263274343182,2.455900163598016,False,MID_T0_D1,P2,R0,
7033,REJECTED_BY_CONSTRAINT,False,False,True,102,102,0,2.455900163598016,7.9465833891254505,,False,2.905189011851022e-10,0,0,-4,-4,7.9465833891254505,2.455900163598016,False,MID_T0_D1,P10,R0,COMMON_DP_BUDGET_EXCEEDED
8418,NO_DEMONSTRATED_GAIN,True,False,True,0,0,0,,,,False,1.739221610116872e-10,0,0,0,0,,,True,MID_T0_D1,P2,R0,
8418,NO_DEMONSTRATED_GAIN,True,False,True,0,0,0,,,,False,1.739221610116872e-10,0,0,0,0,,,True,MID_T0_D1,P10,R0,
1070,NO_DEMONSTRATED_GAIN,True,False,True,0,0,0,,,,False,8.197538355776714e-11,0,0,0,0,,,True,MID_T0_D1,P2,R0,
1070,NO_DEMONSTRATED_GAIN,True,False,True,0,0,0,,,,False,8.197538355776714e-11,0,0,0,0,,,True,MID_T0_D1,P10,R0,
33,NO_DEMONSTRATED_GAIN,True,False,True,99,99,0,3.520663235868612,1.8057021167413936,,False,5.107247611525407e-10,0,0,2,2,1.8057021167413936,3.520663235868612,False,MID_T0_D1,P2,R0,
33,NO_DEMONSTRATED_GAIN,True,False,True,99,99,0,3.520663235868612,3.520663235868612,,False,5.107247611525407e-10,0,0,0,0,3.520663235868612,3.520663235868612,True,MID_T0_D1,P10,R0,
2516,NO_DEMONSTRATED_GAIN,True,False,True,101,101,0,4.342368188691539,1.5751021071362377,,False,2.583537494085933e-10,0,0,5,5,1.5751021071362377,4.342368188691539,False,MID_T0_D1,P2,R0,
2516,REJECTED_BY_CONSTRAINT,False,False,True,101,101,0,4.342368188691539,8.885245734565222,,False,2.583537494085933e-10,0,0,-4,-4,8.885245734565222,4.342368188691539,False,MID_T0_D1,P10,R0,COMMON_DP_BUDGET_EXCEEDED
5758,NO_DEMONSTRATED_GAIN,True,False,True,100,100,0,9.252478986741657,12.720450624517998,,False,4.33325201255399e-11,0,0,9,9,1.0356217296319732,3.9209180537789496,False,MID_T0_D1,P2,R0,
5758,REJECTED_BY_CONSTRAINT,False,False,True,100,100,0,9.252478986741657,8.46323161844297,,False,4.33325201255399e-11,0,0,-6,-6,8.46323161844297,3.9209180537789496,False,MID_T0_D1,P10,R0,COMMON_DP_BUDGET_EXCEEDED
2050,NO_DEMONSTRATED_GAIN,True,False,True,0,0,0,,,,False,3.4280532796389545e-10,0,0,0,0,,,True,MID_T0_D1,P2,R0,
2050,NO_DEMONSTRATED_GAIN,True,False,True,0,0,0,,,,False,3.4280532796389545e-10,0,0,0,0,,,True,MID_T0_D1,P10,R0,
8358,NO_DEMONSTRATED_GAIN,True,False,True,101,101,0,3.843518114405123,1.9389685865461448,,False,2.8088413296197057e-10,0,0,4,4,1.9389685865461448,3.843518114405123,False,MID_T0_D1,P2,R0,
8358,REJECTED_BY_CONSTRAINT,False,False,True,101,101,0,3.843518114405123,7.532446251840239,,False,2.8088413296197057e-10,0,0,-3,-3,7.532446251840239,3.843518114405123,False,MID_T0_D1,P10,R0,COMMON_DP_BUDGET_EXCEEDED
8926,NO_DEMONSTRATED_GAIN,True,False,True,101,101,0,4.409353891655494,4.409353891655494,,False,1.6688219681993906e-10,0,0,1,1,1.939106918085442,3.7435838818952902,False,MID_T0_D1,P2,R0,
8926,REJECTED_BY_CONSTRAINT,False,False,True,101,101,0,4.409353891655494,8.587633482720477,,False,1.6688219681993906e-10,0,0,-4,-4,8.587633482720477,3.7435838818952902,False,MID_T0_D1,P10,R0,COMMON_DP_BUDGET_EXCEEDED
43,NO_DEMONSTRATED_GAIN,True,False,True,0,0,0,,,,False,2.5254614402286645e-10,0,0,0,0,,,True,MID_T0_D1,P2,R0,
43,NO_DEMONSTRATED_GAIN,True,False,True,0,0,0,,,,False,2.5254614402286645e-10,0,0,0,0,,,True,MID_T0_D1,P10,R0,
5176,NO_DEMONSTRATED_GAIN,True,False,True,0,0,0,,,,False,7.126561709553073e-10,0,0,0,0,,,True,MID_T0_D1,P2,R0,
5176,NO_DEMONSTRATED_GAIN,True,False,True,0,0,0,,,,False,7.126561709553073e-10,0,0,0,0,,,True,MID_T0_D1,P10,R0,
3420,NO_DEMONSTRATED_GAIN,True,False,True,127,127,0,38.84363935660595,38.84363935660595,,False,2.378508979853022e-10,0,0,19,19,1.922926913731522,4.954803973860355,False,MID_T1_D0,P2,R0,
3420,REJECTED_BY_CONSTRAINT,False,False,True,127,127,0,38.84363935660595,38.84363935660595,,False,2.378508979853022e-10,0,0,-12,-12,9.210348566291351,4.954803973860355,False,MID_T1_D0,P10,R0,COMMON_DP_BUDGET_EXCEEDED
2108,NO_DEMONSTRATED_GAIN,True,False,True,58,58,0,4.570457681656668,2.0113537974263047,,False,3.2039127442791177e-10,0,0,4,4,1.9367147242863982,4.570457681656668,False,MID_T1_D0,P2,R0,
2108,REJECTED_BY_CONSTRAINT,False,False,True,58,58,0,4.570457681656668,8.286391521583738,,False,3.2039127442791177e-10,0,0,-1,-1,8.286391521583738,4.570457681656668,False,MID_T1_D0,P10,R0,COMMON_DP_BUDGET_EXCEEDED
6214,NO_DEMONSTRATED_GAIN,True,False,True,61,61,0,14.752446899025784,17.278165475998524,,False,2.309201490576435e-10,0,0,4,4,1.934785199441516,4.806527742009347,False,MID_T1_D0,P2,R0,
6214,REJECTED_BY_CONSTRAINT,False,False,True,61,61,0,14.752446899025784,16.910815995840753,,False,2.309201490576435e-10,0,0,-4,-4,9.434151638793928,4.806527742009347,False,MID_T1_D0,P10,R0,COMMON_DP_BUDGET_EXCEEDED
7116,NO_DEMONSTRATED_GAIN,True,False,True,114,114,0,11.218465699229004,101.8456768333015,,False,3.6396781527949655e-10,0,0,18,18,1.900965750247812,4.896164986521105,False,MID_T1_D0,P2,R0,
7116,REJECTED_BY_CONSTRAINT,False,False,True,114,114,0,11.218465699229004,13.585661051107845,,False,3.6396781527949655e-10,0,0,-15,-15,9.469921159997753,4.896164986521105,False,MID_T1_D0,P10,R0,COMMON_DP_BUDGET_EXCEEDED
10638,NO_DEMONSTRATED_GAIN,True,False,True,99,99,0,10.125606690797259,10.125606690797259,,False,1.5136509751089016e-10,0,0,13,13,1.957917088868833,4.740956010991642,False,MID_T1_D0,P2,R0,
10638,REJECTED_BY_CONSTRAINT,False,False,True,99,99,0,10.125606690797259,10.125606690797259,,False,1.5136509751089016e-10,0,0,-7,-7,8.918173455400296,4.740956010991642,False,MID_T1_D0,P10,R0,COMMON_DP_BUDGET_EXCEEDED
8033,NO_DEMONSTRATED_GAIN,True,False,True,125,125,0,32.66892309956104,32.66892309956104,,False,2.215204497888483e-10,0,0,21,21,1.8434244977165333,4.918416144634512,False,MID_T1_D0,P2,R0,
8033,REJECTED_BY_CONSTRAINT,False,False,True,125,125,0,32.66892309956104,32.66892309956104,,False,2.215204497888483e-10,0,0,-13,-13,8.966440205756394,4.918416144634512,False,MID_T1_D0,P10,R0,COMMON_DP_BUDGET_EXCEEDED
3531,NO_DEMONSTRATED_GAIN,True,False,True,102,102,0,76.71792261789051,76.71792261789051,,False,2.744391355642859e-10,0,0,12,12,1.9230034350475311,4.992555071639091,False,MID_T1_D0,P2,R0,
3531,REJECTED_BY_CONSTRAINT,False,False,True,102,102,0,76.71792261789051,76.71792261789051,,False,2.744391355642859e-10,0,0,-8,-8,8.005256057278473,4.992555071639091,False,MID_T1_D0,P10,R0,COMMON_DP_BUDGET_EXCEEDED
10075,NO_DEMONSTRATED_GAIN,True,False,True,90,90,0,5.815563625418411,1.9589882053340768,,False,1.4591534926160044e-10,0,0,6,6,1.9589882053340768,4.945218136557885,False,MID_T1_D0,P2,R0,
10075,REJECTED_BY_CONSTRAINT,False,False,True,90,90,0,5.815563625418411,10.354251717332597,,False,1.4591534926160044e-10,0,0,-4,-4,9.671683266097974,4.945218136557885,False,MID_T1_D0,P10,R0,COMMON_DP_BUDGET_EXCEEDED
5534,NO_DEMONSTRATED_GAIN,True,False,True,0,0,0,,,,False,3.260910896644312e-10,0,0,0,0,,,True,MID_T1_D0,P2,R0,
5534,NO_DEMONSTRATED_GAIN,True,False,True,0,0,0,,,,False,3.260910896644312e-10,0,0,0,0,,,True,MID_T1_D0,P10,R0,
7511,NO_DEMONSTRATED_GAIN,True,False,True,93,93,0,21.083667566757534,21.083667566757534,,False,2.953022261325484e-10,0,0,14,14,1.541784729792879,4.414684744835388,False,MID_T1_D0,P2,R0,
7511,REJECTED_BY_CONSTRAINT,False,False,True,93,93,0,21.083667566757534,21.083667566757534,,False,2.953022261325484e-10,0,0,-13,-13,8.995142768020692,4.414684744835388,False,MID_T1_D0,P10,R0,COMMON_DP_BUDGET_EXCEEDED
57,NO_DEMONSTRATED_GAIN,True,False,True,98,98,0,2.7094103116485777,1.8746806549015977,,False,3.689458619587638e-10,0,0,8,8,1.8746806549015977,2.7094103116485777,False,MID_T1_D0,P2,R0,
57,REJECTED_BY_CONSTRAINT,False,False,True,98,98,0,2.7094103116485777,9.906975381133192,,False,3.689458619587638e-10,0,0,-7,-7,9.906975381133192,2.7094103116485777,False,MID_T1_D0,P10,R0,COMMON_DP_BUDGET_EXCEEDED
911,NO_DEMONSTRATED_GAIN,True,False,True,60,60,0,34.18339287041325,34.18339287041325,,False,3.329099828479832e-10,0,0,4,4,1.7031366857228325,4.649548699245321,False,MID_T1_D0,P2,R0,
911,REJECTED_BY_CONSTRAINT,False,False,True,60,60,0,34.18339287041325,34.18339287041325,,False,3.329099828479832e-10,0,0,-7,-7,9.668777054725751,4.649548699245321,False,MID_T1_D0,P10,R0,COMMON_DP_BUDGET_EXCEEDED
2131,NO_DEMONSTRATED_GAIN,True,False,True,136,136,0,20.12548473467369,20.12548473467369,,False,2.7981788425908306e-10,0,0,22,22,1.94408560982292,4.780200528253784,False,MID_T1_D1,P2,R0,
2131,REJECTED_BY_CONSTRAINT,False,False,True,136,136,0,20.12548473467369,20.302330191150144,,False,2.7981788425908306e-10,0,0,-12,-12,9.951680545295265,4.780200528253784,False,MID_T1_D1,P10,R0,COMMON_DP_BUDGET_EXCEEDED
200,NO_DEMONSTRATED_GAIN,True,False,True,0,0,0,,,,False,1.2634621768755319e-10,0,0,0,0,,,True,MID_T1_D1,P2,R0,
200,NO_DEMONSTRATED_GAIN,True,False,True,0,0,0,,,,False,1.2634621768755319e-10,0,0,0,0,,,True,MID_T1_D1,P10,R0,
9097,NO_DEMONSTRATED_GAIN,True,False,True,113,113,0,31.89608166776602,31.89608166776602,,False,1.7288171452108542e-10,0,0,16,16,1.8748163617253188,4.7284775720439,False,MID_T1_D1,P2,R0,
9097,REJECTED_BY_CONSTRAINT,False,False,True,113,113,0,31.89608166776602,31.89608166776602,,False,1.7288171452108542e-10,0,0,-13,-13,9.822311948218044,4.7284775720439,False,MID_T1_D1,P10,R0,COMMON_DP_BUDGET_EXCEEDED
7190,NO_DEMONSTRATED_GAIN,True,False,True,41,41,0,14.321705483670003,12.54055227553343,,False,3.382716286454203e-10,0,0,5,5,1.9266361668547283,4.334265294180108,False,MID_T1_D1,P2,R0,
7190,REJECTED_BY_CONSTRAINT,False,False,True,41,41,0,14.321705483670003,14.321705483670003,,False,3.382716286454203e-10,0,0,-5,-5,8.928676738621007,4.334265294180108,False,MID_T1_D1,P10,R0,COMMON_DP_BUDGET_EXCEEDED
2394,NO_DEMONSTRATED_GAIN,True,False,True,100,100,0,47.910093102822685,47.910093102822685,,False,1.9616242542043543e-10,0,0,6,6,1.8285282537523766,3.9165406581450046,False,MID_T1_D1,P2,R0,
2394,REJECTED_BY_CONSTRAINT,False,False,True,100,100,0,47.910093102822685,46.70238016409605,,False,1.9616242542043543e-10,0,0,-8,-8,8.554961159546156,3.9165406581450046,False,MID_T1_D1,P10,R0,COMMON_DP_BUDGET_EXCEEDED
5129,NO_DEMONSTRATED_GAIN,True,False,True,35,35,0,3.62287093666578,1.9476429282436485,,False,7.292524817869332e-11,0,0,5,5,1.9476429282436485,3.62287093666578,False,MID_T1_D1,P2,R0,
5129,REJECTED_BY_CONSTRAINT,False,False,True,35,35,0,3.62287093666578,9.221199150583185,,False,7.292524817869332e-11,0,0,-3,-3,9.221199150583185,3.62287093666578,False,MID_T1_D1,P10,R0,COMMON_DP_BUDGET_EXCEEDED
1307,NO_DEMONSTRATED_GAIN,True,False,True,75,75,0,14.986760653993684,14.986760653993684,,False,1.3494255180024165e-10,0,0,2,2,1.0088964556344096,2.469302309252254,False,MID_T1_D1,P2,R0,
1307,REJECTED_BY_CONSTRAINT,False,False,True,75,75,0,14.986760653993684,14.986760653993684,,False,1.3494255180024165e-10,0,0,-2,-2,9.732723677413286,2.469302309252254,False,MID_T1_D1,P10,R0,COMMON_DP_BUDGET_EXCEEDED
5791,NO_DEMONSTRATED_GAIN,True,False,True,99,99,0,12.312026141373416,12.312026141373416,,False,6.013098462477638e-11,0,0,8,8,1.9627222401295448,4.653539672916366,False,MID_T1_D1,P2,R0,
5791,REJECTED_BY_CONSTRAINT,False,False,True,99,99,0,12.312026141373416,16.060453337200414,,False,6.013098462477638e-11,0,0,-9,-9,8.928748624597528,4.653539672916366,False,MID_T1_D1,P10,R0,COMMON_DP_BUDGET_EXCEEDED
3371,NO_DEMONSTRATED_GAIN,True,False,True,101,101,0,2.570304936563746,1.279968590931155,,False,2.7059828282254013e-10,0,0,1,1,1.279968590931155,2.570304936563746,False,MID_T1_D1,P2,R0,
3371,REJECTED_BY_CONSTRAINT,False,False,True,101,101,0,2.570304936563746,8.744662569606879,,False,2.7059828282254013e-10,0,0,-1,-1,8.744662569606879,2.570304936563746,False,MID_T1_D1,P10,R0,COMMON_DP_BUDGET_EXCEEDED
4380,NO_DEMONSTRATED_GAIN,True,False,True,112,112,0,25.509078594345233,25.509078594345233,,False,3.0861342768990014e-10,0,0,17,17,1.8955897746582504,3.7966069955034794,False,MID_T1_D1,P2,R0,
4380,REJECTED_BY_CONSTRAINT,False,False,True,112,112,0,25.509078594345233,25.509078594345233,,False,3.0861342768990014e-10,0,0,-8,-8,9.406275554860043,3.7966069955034794,False,MID_T1_D1,P10,R0,COMMON_DP_BUDGET_EXCEEDED
4415,NO_DEMONSTRATED_GAIN,True,False,True,90,90,0,7.374805442824163,7.374805442824163,,False,2.977310289946865e-10,0,0,3,3,1.7662360571676785,4.6498668226499555,False,MID_T1_D1,P2,R0,
4415,REJECTED_BY_CONSTRAINT,False,False,True,90,90,0,7.374805442824163,8.674503807901312,,False,2.977310289946865e-10,0,0,-6,-6,8.674503807901312,4.6498668226499555,False,MID_T1_D1,P10,R0,COMMON_DP_BUDGET_EXCEEDED
11148,NO_DEMONSTRATED_GAIN,True,False,True,105,105,0,7.780410164901997,7.780410164901997,,False,3.393835817160405e-10,0,0,6,6,1.8564294908920127,4.793197742337379,False,MID_T1_D1,P2,R0,
11148,REJECTED_BY_CONSTRAINT,False,False,True,105,105,0,7.780410164901997,8.179367224053708,,False,3.393835817160405e-10,0,0,-7,-7,8.179367224053708,4.793197742337379,False,MID_T1_D1,P10,R0,COMMON_DP_BUDGET_EXCEEDED
